Record Number,Publication Info.,Call No.,Horizon checkouts,Old in-house uses,Checkout Date,Standard No.,Title,CNY
i11046855,"Cambridge, Mass. : MIT Press, 1986, c1985.",660.62 A627,13,1,  -  -    ,262010895,Biotechnology : strategies for life / Elizabeth Antebi and David Fishlock.,X
i11047264,"New York : Putnam's Sons, c1986.",660.6 C146,4,1,  -  -    ,399131760,The green machines / Nigel Calder.,
i11047859,"Reading, Mass. : Addison-Wesley Pub. Co., 1987, c1985.",530 S439C6,45,1,  -  -    ,201078363,"College physics / Francis W. Sears, Mark W. Zemansky, Hugh D. Young.",
i11048104,"New York : Wiley, c1987.",621.3815 B259,14,,  -  -    ,471011452,Integrated circuits in digital electronics / Arpad Barna and Dan I. Porat.,
i11048153,"New York : Wiley, c1987.",624.183 F622,24,,  -  -    ,047180827X,Practical design of reinforced concrete / Russell S. Fling.,X
i11048165,"New York : Macmillan, c1986.",303.4 C597,12,,  -  -    ,25258001,"Arthur C. Clarke's July 20, 2019 : life in the 21st century.",X
i11048190,"New York : Chapman and Hall, 1986.",519.503 T564,0,,  -  -    ,412012014,A topical dictionary of statistics / Gary L. Tietjen.,X
i11048268,"New York, N.Y. : World Almanac : Distributed in the U.S. by Ballantine Books, 1987.",641 R584,21,,  -  -    ,0886873207;0345348761 (Ballantine),"The complete book of food : a nutritional, medical, and culinary guide / Carol Ann Rinzler ; with an introduction by Jane Brody ; foreword by Michael D. Jensen.",X
i11048372,"Hollywood, Calif. : Vedanta Press, c1972.",294.592 B575,7,,  -  -    ,,Bhagavad-Gita : the song of God / translated by Swami Prabhavananda and Christopher Isherwood ; with an introduction by Aldous Huxley.,
i11048785,"New York : Wiley, c1986.",541.3 K96,13,1,  -  -    ,471098523,Principles of combustion / Kenneth Kuan-yun Kuo.,
i11048827,"New York : Wiley, c1987.",004.16 M626,9,,  -  -    ,471097276,Microprocessor fundamentals / Fred Halsall ... [et al.].,ONLY PRATT
i11048918,"New York : Wiley, c1986.",620.0068 H236,2,,  -  -    ,471878286,"Handbook of engineering management / John E. Ullmann, editor, Donald A. Christman, Bert Holtje, associate editors.",
i11049091,"San Francisco : Harper & Row, c1987.",291.13 A541,14,,  -  -    ,0060655771;0060655763 (pbk.),The Ancient mysteries : a sourcebook : sacred texts of the mystery religions of the ancient Mediterranean world / edited by Marvin W. Meyer.,X
i1104911x,"New York, N.Y. : Facts on File Publications, c1987.",598.44 S736,36,1,  -  -    ,816017530,Penguins / John Sparks and Tony Soper ; illustrated by Robert Gillmor.,
i11049789,"London ; Boston : Butterworths, 1986.",507 P238,10,1,  -  -    ,408014679,"Information sources in science and technology : a practical guide to traditional and online use / C.C. Parker, R.V. Turley.",ONLY PRATT
i11050378,"New York, Norton 1961 [c1955]",378.42 K41,2,,  -  -    ,,"Portrait of Cambridge, a selection of photographs by A. F. Kersting, with text by Bryan Little, and foreword by S. C. Roberts.",
i1105234x,"New York : Simon and Schuster, c1987.",391 C345,6,,  -  -    ,067162640X,In my own fashion : an autobiography / Oleg Cassini.,X
i11057506,"Littleton, Colo. : Libraries Unlimited, 1978.",686.43 S228,4,,  -  -    ,0872871754 : $12.50,Micrographics / William Saffady.,X
i11057518,"Littleton, Colo. : Libraries Unlimited, 1978.",686.43 S228,4,,  -  -    ,0872871754 : $12.50,Micrographics / William Saffady.,X
i11057543,"New York : Simon and Schuster, c1987.",616.08 o74,11,,  -  -    ,671619454,The healing brain : breakthrough discoveries about how the brain keeps us healthy / Robert Ornstein and David Sobel.,
i11057798,"New York : Peter Bedrick Books, c1987.",296.19 G624,18,,  -  -    ,872260453,Jewish legends / David Goldstein.,
i11059175,"London : B. Weinreb Architectural Books, 1977.",016.728 B992,1,,  -  -    ,L.3.00,The small English house : a catalogue of books / edited by Priscilla Wrightson.,
i11059643,"New York : Wiley, c1987.",621.381958 H645D,3,,  -  -    ,471808067,"Digital systems : hardware organization and design / Fredrick J. Hill, Gerald R. Peterson.",
i11059837,"Baltimore : Johns Hopkins University Press, c1987.",291.13 P978,3,,  -  -    ,0801834139 (alk. paper),Comparative mythology / Jaan Puhvel.,
i11059898,"New York : Wiley, c1986.",502.854 A615,8,,  -  -    ,471799785,"Scientific and engineering applications with personal computers : a software approach with examples for the Apple-, IBM-PC-, and CP/M-based microcomputer systems / Raymond Annino, Richard D. Driver.",X
i11059916,"New York : Prentice Hall, c1986.",621.366 L379,10,,  -  -    ,0135236223;0135236142 (pbk.),The laser book : a new technology of light / Clifford L. Laurence.,X
i11059928,"Wellingborough : Stephens, c1986.",387.2 M652L,17,1,  -  -    ,085059765X : L.14.95,Liner : fifty years of passenger ship photographs / William H. Miller.,X
i11060037,"New York : Simon and Schuster, c1986.",307.0973 F553,6,,  -  -    ,671552090,Cities on a hill : a journey through contemporary American cultures / Frances FitzGerald.,
i11060396,"San Francisco : Sierra Club Books, [1978]",362.196 E64,3,,  -  -    ,087156193X,The politics of cancer / by Samuel S. Epstein.,X
i11060554,"New York : McGraw-Hill, c1986.",624.151 E65,4,,  -  -    ,70370346,"Cold region structural engineering / E. Eranti, G.C. Lee.",X
i11060839,"Boston : Kluwer, c1984.",621.381532 H773,4,,  -  -    ,898381630,"Adaptive filters : structures, algorithms, and applications / Michael L. Honig, David G. Messerschmitt.",X
i11061194,"New Brunswick, N.J. : Rutgers University Press, c1987.",306.36 O96,2,,  -  -    ,813512352,"The restoration of perfection : labor and technology in medieval culture / George Ovitt, Jr.",X
i11061212,"New York : William Morrow, c1987.",305.896073 C957,13,,  -  -    ,688044867,Plural but equal : a critical study of Blacks and minorities and America's plural society / Harold Cruse.,
i11061376,"Reading, Mass. : Addison-Wesley Pub. Co., c1987.",621.38173 R896,10,,  -  -    ,201058243,Computer aids for VLSI design / Steven M. Rubin.,X
i1106142x,"New York : Dutton, c1987.",643.7 M129,3,,  -  -    ,0525244565;052548258X (paper),Housemending : home repair for the rest of us / Dale McCormick.,ONLY PRATT
i11061947,"New York : Knopf : Distributed by Random House, 1987.",509.73 B887,0,,  -  -    ,394553942,"The launching of modern American science, 1846-1876 / by Robert V. Bruce.",
i11061960,"Wokingham, England ; Reading, Mass. : Addison-Wesley, c1985.",621.38043 D417,2,,  -  -    ,201144042,VLSI signal processing : a bit-serial approach / Peter Denyer and David Renshaw.,ONLY PRATT
i11062319,"Englewood Cliffs, N.J. : Prentice-Hall, c1986.",610.28 F299,9,1,  -  -    ,130394882,Applied clinical engineering / Barry N. Feinberg.,ONLY PRATT
i11062514,"New York : Random House, c1978.",192 K78,1,,  -  -    ,394500520,Janus : a summing up / Arthur Koestler.,X
i11062708,"Englewood Cliffs, N.J. : Prentice-Hall, c1987.",627 H991,14,,  -  -    ,133400271,Fundamentals of hydraulic engineering systems.,X
i11062769,"New York : Peter Bedrick Books, 1987.",204.5 E92,6,,  -  -    ,872260461,Christian legends / George Every.,X
i11063105,"New York : Macmillan, c1986.",575 C168,5,,  -  -    ,25209205,The river that flows uphill : a journey from the Big Bang to the Big Brain / William H. Calvin.,
i11063257,"New York : McGraw-Hill, c1986.",621.366 H447,8,,  -  -    ,70277338,The laser guidebook / Jeff Hecht.,X
i11063580,"New York : Springer-Verlag, c1978.",512.897 G836M2,0,,  -  -    ,387902848,Multilinear algebra / Werner Greub.,
i11063622,"New York : Wiley, c1987.",621.462 M687,9,,  -  -    ,471837008,AC and DC motor control / Gerald A. Moberg.,
i1106366x,"Emmaus, Pa. : Rodale Press, c1987.",643.7 L832,5,,  -  -    ,878577181,The low-maintenance house / by Gene Logsdon ; [illustrations by Sally Onopa].,X
i11063671,"London ; New York : Mansell, 1986, c1987.",363.50941 G248,8,,  -  -    ,720118344,Model housing from the great exhibition to the festival of Britain / S. Martin Gaskell.,ONLY PRATT
i11063762,"[Washington, D.C.] : Washington Program, Annenberg School of Communications ; Boston, Mass. : G.K. Hall, c1987.",384 W798,5,,  -  -    ,0816118515 (G.K. Hall);0816118531 (G.K. Hall : pbk.),"Wired cities : shaping the future of communications / edited by William H. Dutton, Jay G. Blumler, Kenneth L. Kraemer.",X
i11063798,"New York : M. Dekker, c1986.",670.285 S795,6,,  -  -    ,824775937,What every engineer should know about practical CAD/CAM applications / John Stark.,X
i11063919,"New York : Wiley, c1986.",621.381735 H889,20,,  -  -    ,471813273,Op amp network design / John R. Hufault.,X
i11064237,"New York : Van Nostrand Reinhold, c1985.",658.1512 W784,16,,  -  -    ,442292333,A complete guide to preparing a corporate annual report / Elmer L. Winter.,X
i11064249,"Oxford : Pergamon, 1986.",621.3817 H736I,6,,  -  -    ,0080334717 (cased);0080334709 (pbk),Integrated circuits and microprocessors / R.C. Holland.,X
i11064328,"Berkeley, Calif. : Osborne McGraw-Hill, c1988.",651.82 A173,23,,  -  -    ,78812666,WordPerfect : the complete reference / Karen L. Acerson.,
i11064377,"New York : Pocket Books, c1966.",332.1094 W386,0,,  -  -    ,,The merchant bankers / Joseph Wechsberg.,
i11064432,"San Diego : Harcourt Brace Jovanovich, c1986.",510.1 D257,7,1,  -  -    ,151252602,"Descartes' dream : the world according to mathematics / Philip J. Davis, Reuben Hersh.",
i11064511,"Charlottesville : University Press of Virginia, 1987.",378.755 V817,4,,  -  -    ,0813911095 (pbk.),The lawn : a guide to Jefferson's university / Pendleton Hogan ; photographs by Bill Sublette.,X
i11064523,"Charlottesville : University Press of Virginia, 1987.",378.755 V817,3,,  -  -    ,0813911095 (pbk.),The lawn : a guide to Jefferson's university / Pendleton Hogan ; photographs by Bill Sublette.,X
i11064572,"New York : McGraw-Hill, c1986.",621.381958 R615,9,,  -  -    ,70529523,Computer circuit concepts / Saul Ritterman.,X
i11064754,"New York : Norton, c1984.",574.5 C748,1,,  -  -    ,393018709,The cold and the dark : the world after nuclear war : the Conference on the Long-Term Worldwide Biological Consequences of Nuclear War / Paul R. Ehrlich ... [et al.] ; foreword by Lewis Thomas.,
i11065953,"Chichester ; New York : Wiley, c1986.",515.14 M991,5,,  -  -    ,0471911712 (pbk.),Worked examples in engineering mathematics / L.R. Mustoe.,X
i11066039,"New York : Dutton, c1987.",657 M996,6,,  -  -    ,0525483063 (pbk.),Accounting for non-accountants and practice manual / John N. Myer.,ONLY PRATT
i11066490,"Reading, Mass. : Addison-Wesley Pub. Co., c1984.",001.6425 D324,21,,  -  -    ,201145014,An introduction to operating systems / Harvey M. Deitel.,
i11066659,"Washington : Library of Congress : For sale by the Supt. of Docs., U.S. G.P.O., 1987.",002 L697,8,,  -  -    ,084440554X (alk. paper),Books in our future : perspectives and proposals / edited by John Y. Cole.,X
i11066726,"New York, New York : Facts on File Publications, 1984.",600 C776,19,,  -  -    ,871969882,How everyday things work / Chris Cooper & Tony Osman.,ONLY PRATT
i11067135,"New York : H. N. Abrams, 1979.",574.526 R493,25,,  -  -    ,810917572,Wildlife of the mountains / Edward R. Ricciuti.,X
i1106724x,"Washington, D.C. : Smithsonian Institution Press, c1987.",523.41 S921,5,,  -  -    ,0874748925 (alk. paper),Mercury : the elusive planet / Robert G. Strom.,X
i11067251,"New Brunswick, N.J. : Rutgers University Press , c1986.",352.073 C617,19,,  -  -    ,0813511194 : $32.00;0813511208 (pbk.),"The progressive city : planning and participation, 1969-1984 / Pierre Clavel.",X
i11067524,"Boston : Little, Brown, c1979.",575 A883,9,,  -  -    ,316057452,Life on Earth : a natural history / David Attenborough.,
i11067627,"[New York, N.Y. (4 Washington Square North, New York 10003)] : Urban Research Center of New York University, [1986]",307.76 C734R,0,,  -  -    ,,Report from the Urban Research Center to the New York City Commission on the Year 2000.,X
i11067731,"Cambridge, Mass. : MIT Press, c1987.",621.38195 S631,3,,  -  -    ,262192624,Portraits in silicon / Robert Slater.,X
i11068000,"Cambridge, Mass. : MIT Press, c1986.",690.09 F546,17,1,  -  -    ,262061023,Building construction before mechanization / John Fitchen.,X
i11068048,"New York : International Publishers, 1948, [1987 printing]",335.4 M392MA,38,,  -  -    ,,Manifesto of the Communist Party / by Karl Marx and Frederick Engels ; authorized English translation [by Samuel Moore] ; edited and annotated by Frederick Engels.,
i11069016,"London : Croom Helm ; Totowa, N.J. : Barnes & Noble Books, 1984.",305.562 H319,2,,  -  -    ,389204706,The English common people : a social history from the Norman Conquest to the present / J.F.C. Harrison.,
i11069065,"London ; Boston : Butterworths, 1985-<1987 >",531.7 J76I4,1,,  -  -    ,0408012315 (pbk. : v. 1),Jones' Instrument technology.,X
i11069260,"New York : McGraw-Hill, c1987.",621.311 S637M2,4,,  -  -    ,70584486,"Motor application and maintenance handbook / Robert W. Smeaton, editor.",
i11069727,"Encino, Calif. : Glencoe Pub. Co., c1987.",651.8 M184I3,10,,  -  -    ,28205901,"Information and records management / Mary F. Robek, Gerald F. Brown, Wilmer O. Maedke.",
i11069739,"Encino, Calif. : Glencoe Pub. Co., c1987.",651.8 M184I3,19,,  -  -    ,28205901,"Information and records management / Mary F. Robek, Gerald F. Brown, Wilmer O. Maedke.",
i11069740,"Encino, Calif. : Glencoe Pub. Co., c1987.",651.8 M184I3,19,,  -  -    ,28205901,"Information and records management / Mary F. Robek, Gerald F. Brown, Wilmer O. Maedke.",
i1106982x,"Wokingham, Berkshire, England : Van Nostrand Reinhold (UK), 1987.",624.151 C886,16,,  -  -    ,278000193,Soil mechanics / R.F. Craig.,
i11069855,"New York : Penguin Books, 1977, c1976.",330.902 G491M,10,,  -  -    ,140045147,The medieval machine : the industrial revolution of the Middle Ages / Jean Gimpel.,
i11069879,"Washington, D.C. : Published for the National Portrait Gallery by the Smithsonian Institution Press : For sale by the Supt. of Docs., U.S.G.P.O., 1981.",363.289 P655,0,,  -  -    ,,We never sleep : the first fifty years of the Pinkertons / by Frederick Voss and James Barber.,
i11069910,"Washington : Center for the Book, Library of Congress, 1987.",070.50973 C748,0,,  -  -    ,844405698,Getting the books out : papers of the Chicago Conference on the Book in 19th-century America / edited by Michael Hackenberg.,X
i11070262,"[Paris] : Centre Georges Pompidou, [1985]",391.0944 M689,10,,  -  -    ,2858502919,La Mode en direct.,ONLY PRATT
i11070420,"New York : Pantheon Books, c1987.",591.51 E92,32,,  -  -    ,0394559622 : $24.95,Ourselves and other animals / Peter Evans ; from the TV series with Gerald and Lee Durrell ; introduction by Gerald Durrell.,X
i11070778,"New York : McGraw-Hill, c1987.",624.068 L666,16,,  -  -    ,70372985,"Construction safety management / Raymond Elliot Levitt, Nancy Morse Samelson.",X
i11070821,"New York : Wiley, c1985.",651.82 A826,10,,  -  -    ,0471805408 (pbk.),"WordStar without tears : a self-teaching guide / Ruth Ashley, Judi N. Fernandez, Robert Sansom.",ONLY PRATT
i11070869,"London : Jane's, 1986.",629.441 F988,27,,  -  -    ,0710603606 (pbk),Space Shuttle log / Tim Furniss.,ONLY PRATT
i11071059,"Englewood Cliffs, N.J. : Prentice-Hall, c1988.",621.31 R993,28,,  -  -    ,132476932,Electric machinery / Peter F. Ryff.,
i11071060,"Englewood Cliffs, N.J. : Prentice Hall, c1988.",620.11 H471,1,2,  -  -    ,135605091,"Materials for civil and highway engineers / Kenneth N. Derucher, George P. Korfiatis.",
i11071072,"Englewood Cliffs, N.J. : Prentice-Hall, c1987.",621.38153 B261,5,,  -  -    ,132521237,Electronic system design : interference and noise control techniques / John R. Barnes.,X
i11071138,"New York, N.Y. : Viking, 1987.",194 S251zM,5,,  -  -    ,670817260,"Sartre, romantic rationalist / Iris Murdoch.",
i11071758,"New York : McGraw-Hill, c1986.",621.38173 P887,1,,  -  -    ,70021295,"Power integrated circuits : physics, design, and applications / Paolo Antognetti, editor.",X
i11072027,"Englewood Cliffs, N.J. : Prentice-Hall, c1986.",519.2 S795,12,,  -  -    ,013711706X,"Probability, random processes, and estimation theory for engineers / Henry Stark, John W. Woods.",X
i11072040,"Englewood Cliffs, N.J. : Prentice-Hall, c1986.",621.381958 P346,7,,  -  -    ,135803411,"Microcomputer operation, troubleshooting, and repair / Robert T. Paynter.",ONLY PRATT
i11072106,"Cambridge, Mass. : MIT Press, 1986, c1985.",620.0042 N971,3,,  -  -    ,,"Numerical methods for CAD / Yvon Gardan, [et. al.",
i11072131,"Englewood Cliffs, N.J. : Prentice-Hall, c1986.",658.4038 J12,7,,  -  -    ,131742108,Corporate information management / Ivan F. Jackson.,
i11072155,"Englewood Cliffs, N.J. : Prentice-Hall, c1986.",651.5 K92,35,,  -  -    ,137675003,Records/information management and filing / Nathan Krevolin.,ONLY PRATT
i11072581,"New York ; London : Praeger, 1986.",307.76 U726,8,,  -  -    ,275920178,Urban neighborhoods : research and policy / edited by Ralph B. Taylor.,X
i11072647,"New York : Simon and Schuster, c1978.",330 S583,6,,  -  -    ,671226045,Economics in plain English : all you need to know about economics-in language anyone can understand Leonard Silk.,
i11072763,"Englewood Cliffs, N.J. : Prentice-Hall, c1988.",621.381735 G285O2,48,,  -  -    ,136371744,Op-amps and linear integrated circuits / Ramakant A. Gayakwad.,
i11072842,"New York : Wiley, c1988.",523.1 E53,6,2,  -  -    ,0471624845 (pbk.);0471624837 (hard),"The scientific companion : exploring the physical world with facts, figures, and formulas / Cesare Emiliani.",X
i11073007,"Minnetonka, MN : C. DeCosse Inc., c1985.",646.4 S517,22,1,  -  -    ,"0865732078;0865732086 (pbk.);0394734114 (Random House, Inc.)","Sewing for style / [created by the editors of Cy DeCosse Incorporated, in cooperation with the Singer Education Department].",ONLY PRATT
i11073275,"Boston : Harcourt Brace Jovanovich, c1987.",355 C738,2,,  -  -    ,151212325,"Computers in battle, will they work? / edited by David Bellin, Gary Chapman.",X
i11073330,"New York : Harper & Row, c1987.",373 R256,5,,  -  -    ,60158492,"What do our 17-year-olds know? : a report on the first national assessment of history and literature / Diane Ravitch and Chester E. Finn, Jr. ; foreword by Lynne V. Cheney.",X
i11073457,"New York : Viking, 1987.",610.924 K82,4,,  -  -    ,0670805548;9780670805549,Becoming a doctor : a journey of initiation in medical school / Melvin Konner.,X
i11073494,"London ; New York : Chapman and Hall, 1987.",515.35 F792,3,,  -  -    ,0412226502;0412226405 (pbk.),Numerical solution of ordinary differential equations / L. Fox and D.F. Mayers.,X
i11073512,"New York : Norton, c1987.",427 O75,7,,  -  -    ,393023923,Twice as less : Black English and the performance of black students in mathematics and science / Eleanor Wilson Orr.,
i11073536,"Bedford, Mass. : DECbooks, c1987.",004.145 V391,2,,  -  -    ,093237686X,"VAX architecture reference manual / edited by Timothy E. Leonard ; contributing authors, Dileep P. Bhandarkar ... [et al.].",X
i11073548,"New York : McGraw-Hill, c1987.",621.38152 T882,4,,  -  -    ,007065381X,Operation and modeling of the MOS transistor / Yannis P. Tsividis.,X
i11073573,"Englewood Cliffs, N.J. : Prentice-Hall, c1986.",621.38154 C311E2,9,1,  -  -    ,835917177,Elements of electronic instrumentation and measurement / Joseph J. Carr.,
i11073585,"Englewood Cliffs, N.J. : Prentice-Hall, c1986.",621.38 S617D2,5,,  -  -    ,835913775,"Digital, analog, and data communication / William Sinnema [and Tom McGovern].",
i11073810,"New York : Weidenfeld & Nicolson, 1987.",551.6 A875,40,,  -  -    ,1555840280,Weather / B. W. Atkinson & Alan Gadd ; foreword by Dr. Frank Field.,ONLY PRATT
i11074188,"London : Pitman ; New York : Wiley, 1986.",621.381958 L897,11,,  -  -    ,0273021540 (pbk.);0470203412 (Wiley : pbk.),Microprocessor sourcebook for engineers / George Loveday.,ONLY PRATT
i11074516,"New York : Holt, Rinehart, and Winston, c1986.",620.0042 A415,4,,  -  -    ,30017572,"Numerical methods in engineering practice / Amir Wadi Al- Khafaji, John R. Tooley.",X
i1107503x,"Newbury Park, Calif. : Sage Publications, c1987.",384 A925,5,,  -  -    ,0803927843;0803927851 (pbk.),"New electronic pathways : videotex, teletext, and online databases / Jerome Aumente.",ONLY PRATT
i11075612,"New York, Dutton, 1970.",296.8 G244,8,,  -  -    ,525177502,A people apart; Hasidism in America. Photos. by Philip Garvin. Text by Arthur A. Cohen.,
i1107565x,"New York : Van Nostrand Reinhold, c1986.",608 R625,23,,  -  -    ,442278241,Patenting and marketing your invention / by Bernard Rivkin.,ONLY PRATT
i11076033,"New York : Dover, c1984.",540.9 I25,1,,  -  -    ,0486642356 (pbk.),The development of modern chemistry / Aaron J. Ihde.,X
i11076203,"Newtown, Conn. : Taunton Press, c1986.",684.1043 F495,8,,  -  -    ,0918804469 (pbk.),Fine woodworking on finishing and refinishing : 34 articles / selected by the editors of Fine woodworking magazine.,X
i11076458,"New York : Bonanza Books : Distributed by Crown, 1984.",582.16 B963,52,1,  -  -    ,517447428,North American trees / text by Barbara Burn ; foreword by Thomas S. Elias.,
i11076513,"Cambridge [Cambridgeshire] ; New York : Cambridge University Press, 1986.",620.0042 K47,3,,  -  -    ,0521302625;0521339723 (pbk.),Finite element methods in mechanics / Noboru Kikuchi.,X
i11077384,"New York : St. Martin's Press, c1987.",629.13 M345,49,,  -  -    ,312010966,Straight on till morning : the biography of Beryl Markham / Mary S. Lovell.,
i11077396,"New York : St. Martin's Press, c1987.",629.13 M345,0,,  -  -    ,312010966,Straight on till morning : the biography of Beryl Markham / Mary S. Lovell.,
i11078182,"Reading, Mass. : Addison-Wesley Pub. Co., c1986.",516.24 K26T4,8,,  -  -    ,0201133326 (pbk.),"Trigonometry : triangles and functions / Mervin L. Keedy, Marvin L. Bittinger.",ONLY PRATT
i11078595,"New York : Pantheon Books, c1987.",174.2 M158,3,,  -  -    ,394559029,Mortal choices : bioethics in today's world / Ruth Macklin.,X
i11079277,"San Francisco : Jossey-Bass, 1987.",378.73 L989,1,,  -  -    ,155542029X,"New priorities for the university : meeting society's needs for applied knowledge and competent individuals / Ernest A. Lynton, Sandra E. Elman.",X
i11079356,"Pleasantville, N.Y. : Reader's Digest Association, c1987.",232.9 J58,11,,  -  -    ,895772574,Jesus and his times / Reader's digest.,
i11079617,"Boston : Shambhala ; [New York] : Distributed in the United States by Random House, 1987.",150.1954 J95W,5,,  -  -    ,877733694,"Jung, a biography / Gerhard Wehr ; translated from the German by David M. Weeks.",
i11079708,"New York : Weidenfeld & Nicolson, 1987.",551.22 W878,29,,  -  -    ,1555840833,Earthquakes and volcanoes / Robert Muir Wood.,ONLY PRATT
i11079782,"New York : Wiley, c1986.",621.381532 C518,24,,  -  -    ,047182352X,Passive and active filters : theory and implementations / Wai-Kai Chen.,X
i11080243,"New York : Basic Books, c1987.",658.4 S964,1,,  -  -    ,465007511,"Breaking the impasse : consensual approaches to resolving public disputes / Lawrence Susskind, Jeffrey Cruikshank.",X
i11080851,"New York : Metropolitan Museum of Art, c1987.",391.0904 D794,0,,  -  -    ,,In style : celebrating fifty years of the costume institute / Jean L. Druesedow.,X
i11081144,"Blue Ridge Summit, PA : TAB Professional and Reference Books, c1987.",070.50285 K64,15,,  -  -    ,0830627006;0830607005 (pbk.),The illustrated handbook of desktop publishing and typesetting / by Michael L. Kleper.,X
i11081338,"Joplin, Missouri : International Institute of Technology, Inc., c1983.",660.2 S525,1,,  -  -    ,039517645X,Basic practice of chemical engineering / Esber I. Shaheen.,
i11081673,"Austin : University of Texas Press, c1978.",327.172 B763,1,,  -  -    ,0292764472. 0292764480 pbk.,Stable peace / Kenneth E. Boulding.,X
i11084340,"New York : Prentice Hall Press, 1987.",394.268 T583,27,1,  -  -    ,131336797,The Time-Life book of Christmas.,X
i11084467,"Boston : Harcourt Brace Jovanovich, c1987.",004.11 K18,3,,  -  -    ,151867879,The supercomputer era / Sidney Karin and Norris Parker Smith.,X
i11084492,"Chico, Calif. : Ryan Research International, c1987.",016.62138195 H434V3,3,,  -  -    ,0942158040 (pbk.),"Health hazards of video display terminals : a comprehensive, annotated bibliography on a critical issue of workplace health and safety, with sources for obtaining items and list of terminal suppliers / compiled by Meta Nissley.",X
i11084546,"New York : Harper & Row, c1988.",370.973 C915M,1,,  -  -    ,60158042,"American education, the metropolitan experience, 1876-1980 / Lawrence A. Cremin.",X
i11084613,"New York : M. Dekker, c1986.",620.0042 M627,7,,  -  -    ,824773918,Design of devices and systems / William H. Middendorf.,
i11084686,"New York : Unipub, 1984.",620.0042 N971I,8,,  -  -    ,890590362,Interactive graphics in CAD / Yvon Gardan and Michel Lucas ; with additional material by Richard G. Budynas.,X
i11084996,"Englewood Cliffs, N.J. : Prentice-Hall, c1986.",690 S658P4,27,1,  -  -    ,137020856,"Principles and practices of light construction / Ronald C. Smith, Ted L. Honkala.",
i11085113,"White Plains, N.Y. : Knowledge Industry Publications, 1988.",621.388 S726,4,,  -  -    ,0867292180;0867292199 (pbk.),The DISConnection : interactive video and optical disc media / by Gerald A. Souter.,ONLY PRATT
i11085186,"Reston, Va. : Reston Pub. Co., c1985.",621.3192 A546,2,1,  -  -    ,835915972,Electric transmission line fundamentals / Edwin M. Anderson.,X
i11085307,"New York : Van Nostrand Reinhold Co., c1987.",502.3 M881,0,,  -  -    ,442263511,"Career development for engineers and scientists : organizational programs and individual choices / Robert F. Morrison, Richard M. Vosburgh.",X
i11085332,"New York : Basic Books, c1988.",361.6 E47,8,,  -  -    ,0465059961;0465060501,Poor support : poverty in the American family / David T. Ellwood.,X
i1108540x,"New York : Elsevier, c1987.",070.50285 S785,5,,  -  -    ,444012001,"The electronic era of publishing : an overview of concepts, technologies, and methods / Oldrich Standera.",X
i1108571x,"New York, N.Y. : Facts On File Publications, c1987.",690.8 P772,1,,  -  -    ,816017808,The house that science built / Michael Pollard.,ONLY PRATT
i1108585x,"Los Angeles : J.P. Tarcher ; New York : Distributed by St. Martin's Press, c1986.",327.172 C581,2,,  -  -    ,0874774063 (pbk.),Citizen summitry : keeping the peace when it matters too much to be left to politicians / edited by Don Carlson and Craig Comstock.,X
i11085903,"New York : Wiley, c1988.",621.38043 F216,4,,  -  -    ,047162425X,Signal analysis and estimation : an introduction / Ronald L. Fante.,ONLY PRATT
i11085927,"New York, N.Y. : Facts on File, c1987.",612.68 H144,3,,  -  -    ,816013039,"Staying young / Thomas Hager, Lauren Kessler.",
i11085952,"Boston : Houghton Mifflin, 1988.",382.1 B715,10,,  -  -    ,395470390,America's trade crisis : the making of the U.S. trade deficit / Don Bonker.,X
i11086105,"Englewood Cliffs, N.J. : Prentice-Hall, c1986.",690 S658P3,28,,  -  -    ,137019394,"Principles and practices of heavy construction / Ronald C. Smith, Cameron K. Andres.",
i11086245,"Menlo Park, Calif. : Benjamin/Cummings Pub. Co., c1987.",621.38153 S264,8,,  -  -    ,080537860X,"Electronic circuit design : an engineering approach / C.J. Savant, Jr., Martin S. Roden, Gordon L. Carpenter.",X
i11086312,"New York : Quorum Books, 1987.",658.048 B346,4,,  -  -    ,0899301959 (lib. bdg. : alk. paper),"Trustees, trusteeship, and the public good : issues of accountability for hospitals, museums, universities, and libraries / James C. Baughman ; foreword by William W. Crook.",X
i11086348,"New York : McGraw-Hill, c1987.",620.86 W116,4,,  -  -    ,007067664X,"Engineering design for the control of workplace hazards / Richard A. Wadden, Peter A. Scheff ; with contributions by Robert J. Allen ... [et al.].",X
i11086440,"Englewood Cliffs, N.J. : Prentice-Hall, c1986.",621.31924 G778,13,1,  -  -    ,132471566,"Electrical construction and maintenance techniques / Elliot C. Gray, Jr., Melbourne E. Bailey.",ONLY PRATT
i11086476,"Cambridge [Cambridgeshire] ; New York : Cambridge University Press, 1987.",409 S778,2,,  -  -    ,0521301580;0521317630 (pbk.),"The Social history of language / edited by Peter Burke, Roy Porter.",X
i1108652x,"Norwood, MA : Artech House, c1984.",621.380283 B628,4,,  -  -    ,890061548,Antennas / L.V. Blake.,
i11086543,"New York : McGraw-Hill, c1986.",697 G887,6,,  -  -    ,70250723,Air-handling systems ready reference manual / David L. Grumman.,ONLY PRATT
i11086579,"Englewood Cliffs, N.J. : Prentice-Hall, c1987.",515.0245 P868,7,,  -  -    ,135611849,"Mathematical methods / Merle C. Potter, Jack Goldberg.",
i11086580,"Englewood Cliffs, N.J. : Prentice-Hall, c1987.",621.38173 H481,12,,  -  -    ,133808335,Handbook of practical I.C. circuits / Harry L. Helms.,X
i11086634,"New York : Hemisphere Pub. Corp., c1988.",690.22 H236,2,,  -  -    ,0891168230 (Hemisphere Pub. Corp.),"Handbook of radon in buildings : detection, safety, and control / Mueller Associates, Inc., SYSCON Corporation, Brookhaven National Laboratory ; under the direction and authority of the United States Department of Energy, Office of Environmental Analysis.",X
i11086683,"Englewood Cliffs, N.J. : Prentice-Hall, c1987.",530.141 N218,0,,  -  -    ,132641933,Elements of engineering electromagnetics / Nannapaneni Narayana Rao.,
i11086750,"Englewood Cliffs, N.J. : Prentice-Hall, c1986.",621.3817 A435,12,,  -  -    ,835945871,"Microelectronics / Charles L. Alley, Kenneth W. Atwood.",
i1108683x,"New York : Oxford University Press, 1988.",573 E61,7,,  -  -    ,195206215,The Environment of life / [edited by] Colin Tudge.,
i11086919,"New York : Oxford University Press, 1987.",658.4038 E53,6,,  -  -    ,0195043928 (alk. paper),Management information systems : the critical strategic resource / James C. Emery.,X
i11087067,"New York, N.Y. : Times Books, c1988.",551.22 H529,11,,  -  -    ,812916166,The coming quake : science and trembling on the California earthquake frontier / T.A. Heppenheimer.,X
i11087080,"New York, New York : Facts on File Publications, 1984.",510 F311,10,,  -  -    ,871969904,Mathematics / Irene Fekete & Jasmine Denyer.,
i11087158,"Englewood Cliffs, N.J. : Prentice/Hall International, c1987.",620.11 R264,7,1,  -  -    ,0139020993;0139020810 (pbk.),The technology and applications of engineering materials / Martyn S. Ray.,ONLY PRATT
i11087730,"New York, N.Y. : Yourdon Press, c1981.",003 F589,49,,  -  -    ,0917072227 (pbk.),Fundamental concepts of information modeling / by Matt Flavin.,ONLY PRATT
i11088084,"New York : Prentice Hall Press, 1987.",643.7 T583,13,,  -  -    ,139216367,Time-Life Books complete home repair manual.,X
i11088096,"Westbury, N.Y. : J.L. Wilkerson Pub. Co., [1986].",370.973 L674,2,,  -  -    ,0915253038 : $18.95,"Achieving excellence in our schools-- by taking lessons from America's best-run companies / James Lewis, Jr.",X
i11088102,"New York : Plenum Press, c1988.",620.11297 S596,10,,  -  -    ,306429594,Superconductors : conquering technology's new frontier / Randy Simon and Andrew Smith.,X
i11088114,"New York, NY : American Management Association, c1987.",658.11 M571,3,,  -  -    ,0814458955;0814476805,The new venture handbook : everything you need to know to start and run your own business / Ronald E. Merrill and Henry D. Sedgwick.,X
i11088126,"London ; Boston : Allen & Unwin, 1986.",627 C432,16,,  -  -    ,0046270035 (alk. paper);0046270043 (pbk. : alk. paper),"Hydraulics in civil engineering / A.J. Chadwick, J.C. Morfett.",X
i11088175,"New York : W.W. Norton, c1988.",550 C647,3,1,  -  -    ,393019527,Oasis in space : Earth history from the beginning / Preston Cloud.,X
i11088527,"New York : Morrow, c1988.",523.101 F394,15,,  -  -    ,688058892,Coming of age in the Milky Way / Timothy Ferris.,
i11088746,"Englewood Cliffs, N.J. : Prentice-Hall, c1988.",621.39 D578,7,,  -  -    ,139427317,VLSI engineering / Thomas E. Dillinger.,
i11088783,"Lawrence, Kan. : Ergosyst Associates, c1987.",363.18 S281,7,,  -  -    ,916313131,"VDT health and safety : issues and solutions / Elizabeth Scalet ; T.F.M. Stewart, consulting editor ; Kate McGee, research associate.",X
i11088874,"Chichester, West Sussex, England : E. Horwood ; New York : Distributed by Halsted Press, 1987.",620.0042 I71N,3,,  -  -    ,0470208031 (Halsted Press : lib. bdg.);0745801013 (E. Horwood : lib. bdg.);0745801714 (E. Horwood : student ed.),"Numerical methods in engineering and applied science : numbers are fun / B. Irons, N.G. Shrive.",X
i11089209,"New York : Academic Press, c1978.",541.39 H224,0,,  -  -    ,123219507,Principles of chemical kinetics / Gordon G. Hammes.,
i11089313,"Sparkford : Haynes, 1987.",623.746 B827,24,,  -  -    ,854295828,Supersonic fighter development / Roy Braybrook.,X
i11089672,"New York : Free Press, 1988.",155.92 S886,37,,  -  -    ,29316200,Solitude : a return to the self / Anthony Storr.,X
i11089738,"New York : H. Holt, c1988.",591.56 E42,3,,  -  -    ,805007024,The female animal / Irene Elia.,
i11089763,"Oxford [Oxfordshire] ; Boston : Blackwell Scientific Publications, 1987.",536.23 H646,10,,  -  -    ,632017163,Heat conduction / James M. Hill & Jeffrey N. Dewynne.,
i11089799,"New York : Prentice Hall Press, c1988.",658.022 M269,13,,  -  -    ,0138130809;0135518881 (pbk.),Mancuso's small business resource guide / Joseph R. Mancuso.,ONLY PRATT
i11090741,"New York, Harper & Row [c1962]",509 T724,19,,  -  -    ,,The architecture of matter [by] Stephen Toulmin [and] June Goodfield.,
i11090832,"New York: Distributed by Crown Publishers, c1976.",333.72 M953J,4,1,  -  -    ,517526387,John Muir's America / photos. by Dewitt Jones ; text by T. H. Watkins.,X
i11090856,"London, Allen and Unwin [1964]",382.45687 A221,0,,  -  -    ,,"Shops and shopping, 1800-1914; where, and in what manner the well-dressed Englishwoman bought her clothes.",X
i11090911,"London, Barrie and Rockliff [1964]",261.1 G641,4,,  -  -    ,,The Popes.,
i11090935,"London, Oxford University Press, 1951.",220.52 B58S,11,,  -  -    ,,"Bible. English. Oxford Bible. Selections. 1951.;The shorter Oxford Bible, abridged and edited by G. W. Briggs, G. B. Caird [and] N. Micklem.",
i11091186,"New York, American Heritage Pub. Co.; book trade distribution by McGraw-Hill [1974]",340.0973 S899,6,,  -  -    ,0070557497 0070793859 (deluxe),"The American heritage history of the law in America. Editor: Alvin M. Josephy, Jr.",X
i11091228,"New York : Harcourt Brace Jovanovich, c1981.",345.0523 T829,1,,  -  -    ,151769028,Mrs. Harris : the death of the Scarsdale diet doctor / Diana Trilling.,X
i11091721,"New York : Springer Verlag, 1979.",005.43 L773,6,,  -  -    ,,Fundamentals of operating systems / A. M. Lister.,
i11091952,"Los Angeles : J.P. Tarcher ; New York : Distributed by St. Martin's Press, c1986.",327.172 S446,5,,  -  -    ,0874774071 (pbk.),Securing our planet : how to succeed when threats are too risky and there's really no defense / edited by Don Carlson and Craig Comstock.,X
i11092609,"New York : Holt, Rinehart and Winston, c1985.",670.92 H893D,42,,  -  -    ,30418461,Citizen Hughes / Michael Drosnin.,X
i11092749,"New York : Knopf, 1980.",391.0973 V228,2,,  -  -    ,,Little Gloria ... happy at last / Barbara Goldsmith.,X
i11092968,"New York : Random House, c1978.",309.1497 D643,3,,  -  -    ,0394425383 : $10.00,The Yugoslavs / by Dusko Doder.,X
i11093043,"Northvale, N.J. : J. Aronson, c1988.",296.19 K19,3,,  -  -    ,876689268,Night tales of the Shammas / Michael Jay Katz.,X
i11093493,"New York : Wiley, c1987.",621.3678 E37,40,,  -  -    ,471848107,Introduction to the physics and techniques of remote sensing / Charles Elachi.,
i11093973,"Cambridge, Mass. : Belknap Press of Harvard University Press, 1987-1991.",390.09 H673,9,,  -  -    ,0674399757 (v. 1 : alk. paper);9780674399754 (v. 1 : alk. paper),"Histoire de la vie privée. English.;A history of private life / Philippe Ariès and Georges Duby, general editors.",X
i11094011,"New York : Macmillan, c1988.",658.022 S945,7,,  -  -    ,26144905,The Macmillan small business handbook / Mark Stevens.,X
i11094059,"New York : Random House, c1978.",364.15 K35,2,,  -  -    ,394402731,"The assassination of Robert F. Kennedy : a searching look at the conspiracy and cover-up, 1968-1978 / William W. Turner, John G. Christian.",
i11094394,"New York : McGraw-Hill, c1986.",621.38043 C284,10,,  -  -    ,007009960X;0070099618 (solutions manual),Communication systems : an introduction to signals and noise in electrical communication / A. Bruce Carlson.,X
i11094552,"London, U.K. : P. Peregrinus Ltd on behalf of the Institution of Electrical Engineers, c1986.",621.380283 W144,5,,  -  -    ,0863410545 (pbk.),Introduction to antennas & propagation / James R. Wait.,X
i11095052,"Hawthorne, NJ, Career Press, c1988.",659.1 A244,24,,  -  -    ,934829306,Advertising career directory / editor-in-chief: Ronald W. Fry.,
i11095222,"Berkeley : University of California Press, 1971, c1969.",193 W831zF,7,1,  -  -    ,520018370,Wittgenstein's conception of philosophy / K. T. Fann ; [with enlarged selected addenda to bibliography].,
i11095738,"Chester, Conn. : Globe Pequot, c1988.",302.234 M696,10,,  -  -    ,0871067706 (pbk.),"Making it in the media professions : a realistic guide to career opportunities in newspapers, magazines, books, television, radio, the movies, and advertising / by Leonard Mogel.",X
i1109574x,"Berkeley, Calif. : Ten Speed Press, 1988.",613 R864,3,,  -  -    ,0898152232 (pbk.);0898152240 (hard),"Your home, your health, and well-being / by David Rousseau, W.J. Rea, Jean Enwright.",ONLY PRATT
i11095969,"San Francisco : Chronicle Books, 1988.",659.196292 A512,12,,  -  -    ,0877014515 (cloth),American car graffiti. English.;The American automobile : advertising from the antique and classic eras / edited and compiled by Yasutoshi Ikuta.,ONLY PRATT
i11096202,"Englewood Cliffs, N.J. : Prentice-Hall, c1986.",515.0285 E26,,,  -  -    ,013112319X (pbk.),"Calculus and the personal computer / C.H. Edwards, Jr.",X
i11096275,"New York : Wiley, c1988.",629.475 F911,8,,  -  -    ,0471625930 (pbk.),Starsailing : solar sails and interstellar travel / Louis Friedman.,X
i11096305,"Emmaus, Pa. : Rodale Press, c1987.",628.53 L159,3,,  -  -    ,0878577122 (pbk.);0878576975 (hard),"Radon : the invisible threat : what it is, where it is, how to keep your house safe / Michael Lafavore.",X
i11096615,"New York : Dover Publications, 1988.",531.09 D866,22,,  -  -    ,0486656322 (pbk.),A history of mechanics / by Rene Dugas ; foreword by Louis de Broglie ; translated into English by J.R. Maddox.,X
i11096664,"Boston : Focal Press, c1987.",384.55 B658,3,,  -  -    ,0240517563 (pbk.),Primetime : network television programming / Richard A. Blum and Richard D. Lindheim.,X
i11096743,"New York : Dover Publications, 1988, c1975.",537 S524,4,,  -  -    ,0486656608 (pbk.),The electromagnetic field / Albert Shadowitz.,X
i11096780,"San Francisco : Chronicle Books, 1985, c1984.",629.222 V789,35,,  -  -    ,0877013578 (pbk.);0877013543,Vintage Volkswagens / photography by FLAT 4 Project.,ONLY PRATT
i11096846,"New York : St. Martin's Press, 1985.",355.03 G255,1,,  -  -    ,312708238,Searching for world security : understanding global armament and disarmament / Curt Gasteyger.,X
i11096949,"Washington : Urban Mass Transportation Administration ; Springfield, Va. : Available through the National Technical Information Service, 1976.",380.5 A216,3,,  -  -    ,,"Urban design and usage factors of paratransit vehicles and facilities / Ronald Adams, George Hildebrand.",ONLY PRATT
i11096962,"Letchworth, Hertfordshire, England : Research Studies Press ; New York : J. Wiley [distributor], c1987.",621.48 H288,1,,  -  -    ,0863800572;0471916285 (Wiley),Principles of nuclear science and engineering / A.A. Harms.,X
i11097036,"New York : Dover Publications, 1976.",658.827 A512,22,,  -  -    ,048623259X,"American trademark designs : a survey with 732 marks, logos, and corporate-identity symbols / [compiled] by Barbara Baer Capitman.",X
i11097280,"New York : Simon and Schuster, c1988.",363.50973 W445,1,,  -  -    ,0671638696 : $18.95,Where we live : a social history of American housing / Irving Welfeld.,X
i11097292,"Beverly Hills, Calif. : Sage Publications, 1988.",338.604 E19,3,,  -  -    ,0803931840;0803931859 (pbk.),"Economic restructuring and political response / Robert A. Beauregard, editor.",X
i11097395,"New York : Oxford University Press, 1987, c1986.",574 E93,30,,  -  -    ,195205324,The Evolution of life / edited by Linda Gamlin and Gail Vines.,
i11097449,"Englewood Cliffs, N.J. : Prentice-Hall, c1987.",621.3 B499,8,,  -  -    ,134813839,"Introduction to electric energy devices / F. Robert Bergseth, Subrahmanyam S. Venkata.",X
i11097772,"Boston : Academic Press, [1987]",511.3 S173,0,,  -  -    ,0126157502 (alk. paper),Formal languages / Arto Salomaa.,ONLY PRATT
i11098144,"Amsterdam ; New York : Elsevier ; New York, NY, U.S.A. : Distributors in the U.S. and Canada, Elsevier Science Pub. Co., 1987.",660.28 R824,2,,  -  -    ,0444428364 (U.S.);0444428372 (U.S. : pbk.),Computer programming examples for chemical engineers / George Ross.,ONLY PRATT
i11098156,"Amsterdam ; New York : Elsevier, 1986.",660.281 W454,0,,  -  -    ,0444427007 (U.S.),The art of chemical process design / G.L. Wells and L.M. Rose.,ONLY PRATT
i11098399,New York : Van Nostrand Reinhold 1985.,621.38 S645,2,,  -  -    ,534033822,Digital transmission systems / David R. Smith.,
i11098624,"Washington : Hemisphere Pub. Corp., c1987.",512.9434 K91,19,,  -  -    ,891166467,Matrices for engineers / Allan D. Kraus.,X
i11099239,"New York, N.Y. : Dorset House, c1986.",658.4092 W423,4,,  -  -    ,0932633021 (pbk.),Becoming a technical leader : an organic problem-solving approach / Gerald M. Weinberg ; foreword by Ken Orr.,X
i11099240,"New Haven, Conn. : Yale University Press, c1988.",236 M134,17,,  -  -    ,300043465,Heaven : a history / Colleen McDannell and Bernhard Lang.,
i11099653,"Philadelphia : Temple University Press, 1988.",342.730853 F853,3,,  -  -    ,0877225435 (alk. paper),"Freedom at risk : secrecy, censorship, and repression in the 1980s / edited by Richard O. Curry.",X
i11099872,"Cambridge, Eng. : Pevensey Press, 1982.",378.42 H178C,1,,  -  -    ,907115098 (hard cover);907115101 (paperback),Cambridge / text by Michael Hall ; with photographs by Ernest Frankl.,
i11099896,"Cambridge, England : Pevensey Press, 1983.",378.42 H178,2,,  -  -    ,0907115128 (pbk.),Oxford / text by Michael Hall ; with photographs by Ernest Frankl.,ONLY PRATT
i11100291,"[Washington] : American Council on Education [in association with the] Education Commission of the States, 1988.",370.193 O158,3,,  -  -    ,,One-third of a nation / a report of the Commission on Minority Participation in Education and American Life.,
i11100667,"Boulder : Colorado Associated University Press, c1977.",523.7 S684,2,,  -  -    ,8718007105,The Solar output and its variation / edited by Oran R. White.,X
i11101155,"London : Pitman ; New York : Watson Guptill, 1978.",666.4 W877,7,,  -  -    ,0823033856 (Watson Guptill),"Oriental glazes : their chemistry, origins, and re-creation / Nigel Wood.",X
i11101179,"Englewood Cliffs, N.J. : Prentice-Hall, c1980.",658.3 S912,5,,  -  -    ,136578098,"Personnel, the human problems of management / George Strauss, Leonard R. Sayles.",
i11101180,"New York : Harper & Row, c1987.",526.9 M695,9,,  -  -    ,60445548,"Surveying / Francis H. Moffitt, Harry Bouchard.",
i11101313,"New York : McGraw-Hill, c1987.",621.3817 M655M2,15,,  -  -    ,007042330X;0070423318 (solutions manual),"Microelectronics / Jacob Millman, Arvin Grabel.",X
i11101465,"Boston : Houghton Mifflin, c1985.",620.106 R638,6,,  -  -    ,395357128,Engineering fluid mechanics / John A. Roberson and Clayton T. Crowe.,
i11101672,"New York, Hillary House, 1957.",193 B917zC,2,,  -  -    ,,Martin Buber.,
i11101854,"New York : Holt, Rinehart and Winston, [1977] c1968.",306.76 C932,12,,  -  -    ,30224519,The naked civil servant / Quentin Crisp ; pref. by Michael Holroyd.,
i11101970,"New York, Time, inc. [1964]",500 M328,5,,  -  -    ,,"The scientist, by Henry Margenau, David Bergamini, and the editors of Life.",
i11101982,"New York : Wiley, c1989.",517.382 R826I4,53,,  -  -    ,471098817,Introduction to ordinary differential equations / Shepley L. Ross.,
i11102378,"Glenview, Ill. : Scott, Foresman, c1984.",330 B995,14,,  -  -    ,673166260,"Economics / Ralph T. Byrns, Gerald W. Stone.",
i11102391,"Firenze, Camera di commercio, industria, artigianato e agricoltura, 1970.",380.06 B251,6,,  -  -    ,,Il bicentenario della Camera di commercio fiorentina. 1770-1970.,
i11102743,"New York, Time, inc. [1964]",574.994 B493,12,,  -  -    ,,"The land and wildlife of Australia, by David Bergamini and the editors of Life.",
i1110353x,"San Francisco : Chronicle Books, 1988.",598.34 I88,18,2,  -  -    ,877015236,The white egret / Shingi Ito.,
i11103607,"Englewood Cliffs, N.J. : Prentice-Hall, c1987.",620.0042 W667,13,,  -  -    ,0132779897 (pbk.),Engineering design : project guidelines / Alan D. Wilcox.,X
i11103930,"Chichester [West Sussex] ; New York : Wiley, c1987.",621.380414 H187,9,,  -  -    ,047191410X (pbk.),Fibre optic systems / Pierre Halley ; translated by John C.C. Nelson.,X
i1110451x,"Alexandra, Va. : Time-Life Books, c1987.",643.7 W765,13,,  -  -    ,0809462168;0809462176 (lib. bdg.),Windows & doors.,
i11104776,"Cambridge, Mass. : Harvard University Press, 1988.",153 J68,8,,  -  -    ,674156153,The computer and the mind : an introduction to cognitive science / P.N. Johnson-Laird.,X
i11105379,"Boston : Little, Brown, c1988.",183 S678S,8,,  -  -    ,316817589,The trial of Socrates / I.F. Stone.,
i11105422,"New York : Prentice Hall, c1988.",005.43 K29,10,,  -  -    ,0136380409;0136380328 (pbk.),Operating systems : communicating with and controlling the computer / Laurie S. Keller.,X
i11105483,"San Francisco : Chronicle Books, c1988.",070.50285 H613,10,,  -  -    ,0877015651 (pbk.),Introduction to desktop publishing : a guide to buying and using a desktop publishing system / David Hewson.,ONLY PRATT
i11106268,"Cambridge, Mass., Harvard University Press, 1969.",371.3078 O29,7,,  -  -    ,,"Run, computer, run; the mythology of educational innovation. An essay by Anthony G. Oettinger. With the collaboration of Sema Marks.",
i11106542,"New York, Longmans, Green, 1951.",370.15 W893,2,,  -  -    ,,The psychology of teaching.,
i11106694,"New York, Columbia university press [1944]",320.51 M645M,0,,  -  -    ,,Autobiography of John Stuart Mill.,
i11106761,"[Ann Arbor, Mich.? : National Center for Research to Improve Postsecondary Teaching and Learning], c1986.",378.1 O68,3,,  -  -    ,,The Organizational context for teaching and learning : a review of the research literature / Marvin W. Peterson ... [et al.].,
i11107418,"New York : Longman, c1983.",338.9 S927,3,,  -  -    ,0582283841 (pbk.),The Struggle for economic development : readings in problems and policies / edited by Michael P. Todaro.,X
i11107583,"Philadelphia, London, J. B. Lippincott Company, 1935.",305.52 L524D,0,,  -  -    ,,"King Lehr"" and the gilded age, by Elizabeth Drexel Lehr; with extracts from the locked diary of Harry Lehr; with 32 illustrations.
i11107716~New York, Macmillan [1963]~371.1 H891~21~~""  -  -    ",
i11107765,"New York, McGraw-Hill [1973]",370.78 V224,3,,  -  -    ,70668825,Understanding educational research: an introduction [by] Deobold B. Van Dalen.,
i11107789,"Homewood, Ill. : Dow Jones-Irwin, [1985?]",650.0285 T175,6,,  -  -    ,870946536,"Planning for integrated office systems : a strategic approach / Tapscott, Henderson, and Greenberg.",X
i11108137,"New York, Macmillan, 1954.",320.51 M645P,3,,  -  -    ,,The life of John Stuart Mill. With a pref. by F. A. Hayek.,X
i11108897,"New York : Wiley, c1989.",659.2 S255,15,2,  -  -    ,471609366,"Image wars : protecting your company when there's no place to hide / by Stan Sauerhaft, Chris Atlkins.",X
i11108927,"New York, The Modern Library [1934]",291.13 B933,13,,  -  -    ,,Bulfinch's mythology; the age of fables; The age of chivalry; Legends of Charlemagne.,
i11108964,"New York : Times Books, 1988.",323.44 B792,3,,  -  -    ,812918010,Article 19 world report 1988 / by Kevin Boyle.,X
i11109063,"New York, N.Y., The American Historical Society, Inc., 1937.",303.484 M921H,3,,  -  -    ,,"The greatest American woman, Lucretia Mott, by Lloyd C.M. Hare.",
i11109166,"Cambridge, Harvard University Press, 1958.",303.484 M921C,1,,  -  -    ,,Lucretia Mott.,
i11109373,"New York : Prepared for the Pratt Institute, Center for Community and Environmental Development, [1982].",363.580974 D317,5,1,  -  -    ,,Impact of a housing voucher program on New York City's population / by Frank F. De Giovanni and Mary E. Brooks ; with Ron Shiffman and Brian T. Sullivan.,ONLY PRATT
i11109683,"New York, Arno Press, 1968.",287 P346,2,,  -  -    ,,Recollections of seventy years.,
i11109725,"New York, St. Martin's Press [1969]",509.2 O62R,7,1,  -  -    ,5.95,The story of J. Robert Oppenheimer.,X
i11109786,"Boston, Little, Brown [1969]",384.54 K33,2,,  -  -    ,8.95,Prime time; the life of Edward R. Murrow.,
i11110119,"New York, Scribner [1969]",509.2 O62RA,6,1,  -  -    ,5.95,Oppenheimer [by] I. I. Rabi [and others],
i11110387,"New York, Harper & Row [1969]",509.2 O62S,5,,  -  -    ,10,"The Oppenheimer case; security on trial, by Philip M. Stern with the collaboration of Harold P. Green. With a special commentary by Lloyd K. Garrison.",
i11110661,Teaneck [N.J.] Fairleigh Dickinson University Press [1971],509.2 P949P,3,1,  -  -    ,0838678310 $10.00,Autobiography of Joseph Priestley. Memoirs written by himself. An account of further discoveries in air. Introd. by Jack Lindsay.,
i11110673,"New York, Oxford university press, 1937.",152.322 F929,6,1,  -  -    ,,"Pavlov and his school; the theory of conditioned reflexes, by Professor Y. P. Frolov ...",
i11110715,"New York, Reynal & Hitchcock [c1938]",274.1 P314G,0,,  -  -    ,,I follow Saint Patrick [by] Oliver St. John Gogarty.,
i11111422,"New Haven, Yale University Press, 1969.",307.7609 Y17,5,,  -  -    ,300011512 (pbk.) 4.95,Nineteenth-century cities; essays in the new urban history. Edited by Stephan Thernstrom and Richard Sennett.,
i11111434,"Boston, Allyn and Bacon [1969]",370.1 G846,5,,  -  -    ,,Introduction to philosophy of education.,
i1111146x,"New York, Macmillan [1964]",370.73 D511,0,,  -  -    ,,The experience of student teaching.,
i11111471,"Guilford, Conn. : Dushkin Pub. Group, c1982.",150 T136,2,,  -  -    ,0879673834 (pbk.),"Taking sides, clashing views on controversial psychological issues / edited, selected, and with introductions by Joseph Rubinstein, Brent D. Slife.",X
i11111549,"Philadelphia, Lippincott, 1957 [c1956]",289.6 P412P,1,,  -  -    ,,William Penn; a biography.,
i11111586,"New York, Putnam [1967]",002.075 P552M,0,,  -  -    ,,"Portrait of an obsession; the life of Sir Thomas Phillipps, the world's greatest book collector; adapted by Nicolas Barker from the five volumes of Phillipps studies by A. N. L. Munby.",
i11111690,"Harmondsworth ; Baltimore [etc.] : Penguin, 1976.",305.56 J77,1,,  -  -    ,140551034,Outcast London : a study in the relationship between classes in Victorian society / Gareth Stedman Jones.,
i11111732,"Chicago, Ill. : Planners Press, c1988.",333.337 D489,1,,  -  -    ,918286557,"Development impact fees : policy rationale, practice, theory, and issues / edited by Arthur C. Nelson.",X
i11112621,"Boston, Little, Brown [1967-1969]",192 R961Au,4,,  -  -    ,,The autobiography of Bertrand Russell.,
i11112633,"Boston, Little, Brown [1967-1969]",192 R961Au,1,,  -  -    ,,The autobiography of Bertrand Russell.,
i11112645,"Boston, Little, Brown [1967-1969]",192 R961Au,1,,  -  -    ,,The autobiography of Bertrand Russell.,
i11112876,Chichester : Horwood ; New York : Wiley 1988.,621.436 A244,2,,  -  -    ,0745801307;0470211423 (U.S.),"Advanced diesel engineering and operation / editor-in-chief, Sam D. Haddad.",ONLY PRATT
i11112967,"New York, Scribner [1967]",071 P981S,0,,  -  -    ,,"Pulitzer, by W. A. Swanberg.",
i11113121,"Boston, Houghton Mifflin, 1969.",192 R961D,2,,  -  -    ,5.95,"Dear Bertrand Russell ... a selection of his correspondence withthe general public, 1950-1968. Introduced and edited by Barry Feinberg and Ronald Kasrils.",
i11113297,"New York : Wiley, c1988.",621.381 S819,0,,  -  -    ,471633011,Vibration analysis for electronic equipment / Dave S. Steinberg.,
i11113418,"Cleveland, World Pub. Co. [1960]",002.023 R813W,0,,  -  -    ,,Rosenbach; a biography.,
i11113455,"New York, Harper & Row [1966]",384.54 S246L,3,,  -  -    ,,"David Sarnoff, a biography.",
i1111356x,"Ithaca, N.Y., Cornell University Press [1962]",338.47674 S129G,1,,  -  -    ,,"Biography of a businessman: Henry W. Sage, 1814-1897.",
i11113571,"New York, Harcourt, Brace and Company [c1931]",194 R864J,2,,  -  -    ,,"Jean-Jacques Rousseau, by Matthew Josephson.",
i11113686,"New York : J. Aronson, c1979.",616.92 M214,0,1,  -  -    ,876683715,"The selected papers of Margaret S. Mahler, M.D.",ONLY PRATT
i11115117,"New York : Scribner, 1944.",191 S233S,0,,  -  -    ,,Persons and places : the background of my life / by George Santayana.,X
i11115142,"New York, G. Braziller [1963]",191 S233C,2,,  -  -    ,,Santayana: the later years; a portrait with letters.,
i11115221,"New York, Macmillan [1968-73]",194 R864C,0,1,  -  -    ,,"Jean-Jacques Rousseau, by Lester G. Crocker.",
i11115233,"New York, Macmillan [1968-73]",194 R864C,2,,  -  -    ,,"Jean-Jacques Rousseau, by Lester G. Crocker.",
i11115245,"New York, Macmillan [1968-73]",194 R864C,3,,  -  -    ,,"Jean-Jacques Rousseau, by Lester G. Crocker.",
i11115257,"New York, Harcourt, Brace & World [1967]",070.92 R324,,,  -  -    ,,The lost revolutionary; a biography of John Reed [by] Richard O'Connor [and] Dale L. Walker.,
i11115294,"New York, Harcourt, Brace & World [1970, c1969]",629.2222 R396R,0,1,  -  -    ,,Louis Renault; a biography [by] Anthony Rhodes. With a foreword by Lord Montagu of Beaulieu.,
i1111535x,"New York, Simon and Schuster, 1958 [c1957]",192 R961W,1,,  -  -    ,,"Bertrand Russell, the passionate skeptic; a biography.",
i1111552x,"New York, Holt, Rinehart and Winston c1970.",613.94 S225D,5,,  -  -    ,0030818443 7.50,Margaret Sanger; pioneer of the future.,X
i11115543,"New York, Simon and Schuster, 1956.",192 R961R,2,,  -  -    ,,"Portraits from memory, and other essays.",
i11115610,"New York : W.H. Freeman, c1989.",628.535 B838,2,,  -  -    ,716720299,Radon : risk and remedy / David J. Brenner.,X
i11115737,"New York, G. P. Putnam's Sons, 1913.",332.1094 R847B,3,,  -  -    ,,"The romance of the Rothschilds, by Ignatius Balla.",
i11116237,"Washington City : Published by the Smithsonian Institution Press for the National Portrait Gallery, 1988.",384.54 H496,7,,  -  -    ,874744997,On the air : pioneers of American broadcasting / by Amy Henderson.,X
i11117047,"Englewood Cliffs, N.J. : Prentice-Hall, c1988.",333.3 B847,20,,  -  -    ,131620665,"The complete manual of land planning and development / William E. Brewer, Charles P. Alter.",X
i11117424,"London, Routledge & K. Paul; New York, Columbia U.P., 1966.",194 R864GU,2,,  -  -    ,L.5,Jean-Jacques Rousseau; translated from the French by John and Doreen Weightman.,X
i11117436,"London, Routledge & K. Paul; New York, Columbia U.P., 1966.",194 R864GU,1,,  -  -    ,L.5,Jean-Jacques Rousseau; translated from the French by John and Doreen Weightman.,X
i11117734,"New York, London, Harper & Brothers [1915]",324.6 S534S,0,,  -  -    ,,"The story of a pioneer, by Anna Howard Shaw ... with the collaboration of Elizabeth Jordan; illustrated from photographs.",
i11117746,"New York, Harper [1960]",610.967 S413C,1,,  -  -    ,,Dr. Schweitzer of Lambarene. With photos. by Clara Urquhart.,
i11117758,"New York, Philosophical Library [1966]",610.967 S413M,1,,  -  -    ,,"An understanding of Albert Schweitzer, by George N. Marshall.",
i1111776x,"New York, Harper & Row [c1964]",610.967 S413PI,4,,  -  -    ,,"The life and thought of Albert Schweitzer, by Werner Picht. Translated from the German by Edward Fitzgerald.",
i11117771,"New York, H. Holt and company [c1933]",610.967 S413AU,3,,  -  -    ,,"Out of my life & thought; an autobiography, translated by C.T. Campion.",
i11117795,"New York, Harper [c1955]",610.967 S413A,0,,  -  -    ,,"The world of Albert Schweitzer, a book of photographs by Erica Anderson. With text and captions by Eugene Exman.",
i11118143,"Cambridge, Mass., Sci-Art Publishers [1962]",610.967 S413R,10,,  -  -    ,,"In Albert Schweitzer's realms, a symposium.",X
i11118192,"New York, Appleton-Century-Crofts [1954]",266 S487M,3,,  -  -    ,,The long road of Father Serra.,
i11118283,"New York, London, Harper & brothers [c1922]",324.6 S792S,1,,  -  -    ,,"Elizabeth Cady Stanton as revealed in her letters, diary and reminiscences, ed. by Theodore Stanton and Harriot Stanton Blatch, illustrated from photographs ...",
i11118581,"New York, Statler Foundation [1968]",647.94 S797M,0,,  -  -    ,,"Statler, America's extraordinary hotelman.",X
i11118635,"Cambridge, Harvard University Press, 1964.",070.50942 S896C,0,,  -  -    ,,"Dr. Johnson's printer; the life of William Strahan, by J. A. Cochrane.",
i11118726,"New York, Harcourt, Brace & World [1961]",305.40973 S878H,1,,  -  -    ,,Morning star: a biography of Lucy Stone.,
i11118738,"New York, Harcourt, Brace & World [c1965]",381.45 S824R,0,,  -  -    ,,Wise men fish here; the story of Frances Steloff and the Gotham Book Mart [by] W.G. Rogers.,
i11118817,"New York, London, Harper and Brothers, 1923.",658.314 T241C,2,,  -  -    ,,"Frederick W. Taylor, father of scientific management, by Frank Barkley Copley ...",
i11118829,"New York, London, Harper and Brothers, 1923.",658.314 T241C,0,,  -  -    ,,"Frederick W. Taylor, father of scientific management, by Frank Barkley Copley ...",
i11119007,"New York, N.Y. : J. Aronson, c1981.",616.8914 P895,2,,  -  -    ,876684835,Practical problems of a private psychotherapy practice / compiled and edited by George D. Goldman and George Strickler.,
i11119044,"New York, London, Whittlesey house, McGraw-Hill book company, inc. [1943]",647.94 T245,3,,  -  -    ,,"Chicken every Sunday; my life with mother's boarders, by Rosemary Taylor.",
i11119445,"Evanston, IL : Northwestern University Press, c1988.",302.234 M649,8,,  -  -    ,0810107910;0810107929 (pbk.),Boxed in : the culture of TV / Mark Crispin Miller.,X
i11119470,"Reading, Mass. : Addison-Wesley, c1988.",621.382 S927,15,,  -  -    ,201095181,"First principles of discrete systems and digital signal processing / Robert D. Strum, Donald E. Kirk.",X
i1111972x,[New York] Macmillan [1969],070.92 S954,2,,  -  -    ,,"A long row of candles; memoirs and diaries, 1934-1954 [by] C. L. Sulzberger.",
i11119949,"Chicago, Ill. : Planners Press, American Planning Association, c1987.",338.973 S797,12,,  -  -    ,0918286468 (pbk.),The State and local industrial policy question / edited by Harvey A. Goldstein.,ONLY PRATT
i11120332,"Armonk, N.Y. : M.E. Sharpe, Inc., 1988.",370.952 L989,9,,  -  -    ,873324692,Educational achievement in Japan : lessons for the West / Richard Lynn.,X
i1112040x,"New York : E.P. Dutton, c1989.",636.8 N568,7,,  -  -    ,0525247092;0525484302 (pbk.),Cat condominiums and other feline furniture / George Ney with Susan Sherman Fadem ; foreword by Ellen Sawyer.,ONLY PRATT
i11120630,"New Haven, Yale university press; London, H. Milford, Oxford university press, 1933.",300.973 S956K,0,,  -  -    ,,"Reminiscences (mainly personal) of William Graham Sumner, by A. G. Keller.",
i11120745,"New York, H. Holt and company, 1925.",300.973 S956S,8,,  -  -    ,,"William Graham Sumner, by Harris E. Starr.",
i11121142,"New York, Reynal & Hitchcock [c1936]",266 S982B,0,,  -  -    ,,"Fighting angel; portrait of a soul, by Pearl S. Buck ...",
i11121257,"New York : Wiley, c1988.",621.382 H419,8,,  -  -    ,471629472,Digital communications / Simon Haykin.,
i11121476,"New York : Wiley, c1988.",621.38153 O89N,2,,  -  -    ,471850683,Noise reduction techniques in electronic systems / Henry W. Ott.,
i11121488,"New York : Wiley, c1988.",621.4021 M829,4,1,  -  -    ,471895768,"Fundamentals of engineering thermodynmaics / Michael J. Moran, Howard N. Shapiro.",ONLY PRATT
i11121531,"New York : Wiley, c1988.",620.0044 B279C,3,,  -  -    ,047183663X,Construction measurements / B. Austin Barry.,ONLY PRATT
i11121543,"Boston : Allyn and Bacon, c1988.",537.5 L861,0,,  -  -    ,0205111416;0205114091 (International),Introduction to physical electronics / Karl E. Lonngren.,ONLY PRATT
i11122055,"[Swarthmore, Pa.] : Swarthmore College, c1986.",378.748 S973W,1,,  -  -    ,,Swarthmore College : an informal history / by Richard J. Walton.,
i11122225,"New York : Wiley, c1987.",624.068 A549,2,,  -  -    ,471861898,"Project manpower management : decision-making processes in construction practice / S.D. Anderson, R.W. Woodhead.",ONLY PRATT
i11122249,"Brooklyn, N.Y. (300 Jay St., Brooklyn 11201) : Technical College Press, c1986.",607.1 N532F,24,,  -  -    ,,City Tech : the first 40 years / by Harvey Frommer.,ONLY PRATT
i11122365,"New York : McGraw-Hill, c1988.",621.3815 Y22,12,,  -  -    ,70722382,Microelectronic devices / Edward S. Yang.,
i11122377,"New York : Elsevier, c1989.",620 F715,4,,  -  -    ,044401330X,"Forensic engineering / editor, Kenneth L. Carper.",X
i11122456,"Gloucester, Mass. : Peter Smith, 1976.",293 G864,4,,  -  -    ,844621684,Teutonic mythology / by Jacob Grimm ; translated from the fourth edition with notes and appendix by James Steven Stallybrass.,
i11122468,"Gloucester, Mass. : Peter Smith, 1976.",293 G864,2,,  -  -    ,844621684,Teutonic mythology / by Jacob Grimm ; translated from the fourth edition with notes and appendix by James Steven Stallybrass.,
i1112247x,"Gloucester, Mass. : Peter Smith, 1976.",293 G864,3,,  -  -    ,844621684,Teutonic mythology / by Jacob Grimm ; translated from the fourth edition with notes and appendix by James Steven Stallybrass.,
i11122535,"Philadelphia : Temple University Press, c1987.",230.046 L695B,4,1,  -  -    ,087722479X,Liberation theology : essential facts about the revolutionary movement in Latin America--and beyond / Phillip Berryman.,X
i11122699,"New York, McGraw-Hill [1967]",347.7326 W287K,0,,  -  -    ,,Earl Warren; a political biography.,
i11122766,"Garden City, N.Y., Doubleday, Page & Company, 1916.",378.111 W317S,1,,  -  -    ,,"Booker T. Washington, builder of a civilization, by Emmett J. Scott and Lyman Beecher Stowe; illustrated from photographs.",
i11122791,"New York, Fleming H. Revell [1916]",378.111 W317R,1,,  -  -    ,,"The life and times of Booker T. Washington, by B.F. Riley ... introd. by Edgar Y. Mullins.",
i11124015,"[Washington, D.C.] : National Endowment for the Humanities : [Supt. of Docs., U.S. G.P.O., distributor, 1987]",001.3 C518,5,,  -  -    ,,American memory : a report on the humanities in the nation's public schools / Lynne V. Cheney.,X
i11124052,"London ; Boston : Butterworths, 1988.",363.11 K64,2,,  -  -    ,408026960,Learning from accidents in industry / Trevor Kletz.,X
i11124271,"Tulsa, Okla. : PennWell Books, c1983.",659.1 S121,8,,  -  -    ,878142401,Advertising management : its role in marketing / William Sachs.,ONLY PRATT
i11124386,"Englewood Cliffs, N.J., Prentice-Hall [1969]",378.111 W317T,2,,  -  -    ,4.95,Booker T. Washington.,
i11124428,"Columbus : C.E. Merrill Pub. Co., c1984.",659.2 S462,7,,  -  -    ,675201047,The practice of public relations / Fraser P. Seitel.,
i11124556,"Boston : Houghton Mifflin Co., c1982.",658.8 F383,10,,  -  -    ,395316960,"Fundamentals of marketing / O.C. Ferrell, William M. Pride.",
i11124751,"New York, Dodd, Mead [1972]",378.111 W317B,2,,  -  -    ,396065147,"Young Booker; Booker T. Washington's early days, by Arna Bontemps.",
i1112538x,"Alexandria, Va. : Time-Life Books, c1988.",697 H765,1,,  -  -    ,0809462443;0809462451 (lib. bdg.),Home heating & cooling.,ONLY PRATT
i11125433,"Newbury Park, Calif. : Sage Publications, c1988.",302.234 M489,14,,  -  -    ,0803930488;0803930496 (pbk.),"Media, myths, and narratives : television and the press / James W. Carey, editor.",X
i11125573,"New York, Knopf, 1968 [c1967]",335.1 W365M,0,1,  -  -    ,,"Beatrice Webb; a life, 1858-1943 [by] Kitty Muggeridge & Ruth Adam.",
i11125585,"Boston, Little, Brown [1956]",609.73 W618G,0,,  -  -    ,,Eli Whitney and the birth of American technology.,
i11125718,"New York, Longmans, Green [1948]",335.1 W365W,1,1,  -  -    ,,"Our partnership, ed. by Barbara Drake [and] Margaret I. Cole.",
i11125731,"Brooklyn, Theo. Gaus' Sons [1962]",413.028 W382K,1,,  -  -    ,,The rainbow in the sky: concerning Noah Webster and his dictionary.,X
i11125755,"New York, Harcourt, Brace and Company [1946]",335.1 W365C,0,1,  -  -    ,,Beatrice Webb.,
i11125822,"[Syracuse, N.Y.] Syracuse University Press, 1961.",335.5 T459S,0,,  -  -    ,,"Norman Thomas, respectable rebel.",
i11125834,"New York, Knopf, 1970 [c1969]",301.0943 W375M,2,,  -  -    ,7.95,The iron cage: an historical interpretation of Max Weber.,
i11125858,"Gretna, La. : Pelican Pub. Co., 1989.",016.7416 S651N,12,,  -  -    ,0882896962;0882896970 (special deluxe ed.),Jessie Willcox Smith : a bibliography / by Edward D. Nudelman.,X
i11128379,"New York : Philosophical Library, ©1961.",001 S413,2,,  -  -    ,,Pilgrimage to humanity / Albert Schweitzer; Translated by Walter E. Stuermann.,
i11128409,"New York, Harper [1947]",610.967 S413SE,1,,  -  -    ,713609486,Albert Schweitzer: the man and his mind; with 30 illus. from photos.,
i11128471,"New York : Ballantine Books, c1961.",616.8914 W348,4,1,  -  -    ,,"Psychotherapy, East & West / Alan W. Watts.",
i11128483,"New York : Bantam Books ; 1971, c1969.",150.1982 P452GE,5,,  -  -    ,553104705,Gestalt therapy verbatim / Frederick S. Perls ; compiled and edited by John O. Stevens.,
i11128653,"Garden City, N.Y., Doubleday, 1956.",510.92 W647W,1,,  -  -    ,,"I am a mathematician, the later life of a prodigy; an autobiographical account of the mature years and career of Norbert Wiener and a continuation of the account of his childhood in Ex-prodigy.",
i11129062,"New York, Harcourt, Brace and company [1943]",629.1309 W952KE,2,,  -  -    ,,"The Wright brothers, by Fred C. Kelly, a biography authorized by Orville Wright.",
i11129189,"New York, Peter Smith, 1941.",323.445 Z54R,3,,  -  -    ,,"John Peter Zenger, his press, his trial and a bibliography of Zenger imprints, by Livingston Rutherfurd; also a reprint of the first edition of the trial.",
i11129347,"Norwood, MA : Artech House, c1988.",621.3848 H845,5,,  -  -    ,890062714,Introduction to sensor systems / S.A. Hovanessian.,X
i11130015,"St. Louis : C.V. Mosby, 1984.",611.002 V653,140,,  -  -    ,801652448,"Photographic atlas of the human body / Branislav Vidic, Faustino R. Suarez.",
i11130076,"London ; New York : Academic, 1989.",006.6 I617,21,,  -  -    ,122861604,An Introduction to ray tracing / editor Andrew Glassner.,
i1113057x,"Palm Harbor, Fla. : MBA Press, c1988.",658.4038 B916,10,,  -  -    ,962118907,The IRM revolution : blueprint for the 21st century / by Milt Bryce & Tim Bryce.,ONLY PRATT
i11130787,"Washington, DC : Congress of the U.S., Office of Technology Assessment : For sale by the Supt. of Docs., U.S. G.P.O., 1987-<1989 >",660.6 N532,1,,  -  -    ,,New developments in biotechnology.,
i11131081,"[Kennedy Space Center?, Fla. : John F. Kennedy Space Center?, 1986]",629.478 K36K,8,,  -  -    ,,The Kennedy Space Center story.,
i11131871,"New York : J. Aronson, c1982.",616.8914 F595,6,,  -  -    ,876684967,Techniques of brief psychotherapy / Walter V. Flegenheimer.,
i11131950,"New York, NY : Simon & Schuster, c1987-",071.05 P981,,,  -  -    ,0896-2197,The Pulitzer Prizes.,
i11131962,"New York, NY : Simon & Schuster, c1987-",071.05 P981,,,  -  -    ,0896-2197,The Pulitzer Prizes.,
i11132280,"Boston : Houghton Mifflin, c1988.",658.4 V252,27,,  -  -    ,395433711,Contemporary management / David D. Van Fleet.,
i11132437,"London : Von Hunersdorff, [198-]",016.712 V946,7,,  -  -    ,,"Gardens, horticulture, floral art / Richard von Hunersdorff.",ONLY PRATT
i11133302,"New York : Wiley, c1989.",650.1 B531,4,,  -  -    ,047161808X,Dinosaur brains : dealing with all those impossible people at work / Albert J. Bernstein and Sydney Craft Rozen.,X
i11133521,"London ; New York : Elsevier Applied Science, c1988.",624.1513 S681,3,,  -  -    ,185166209X,Soft soil stabilization using geosynthetics / edited by R.M. Koerner.,ONLY PRATT
i11134094,"New York : Holt, Rinehart and Winston, c1988.",621.39 K35,20,,  -  -    ,30019486,Operational amplifier circuits : theory and applications / E.J. Kennedy.,ONLY PRATT
i11134434,"New York : McGraw-Hill, c1989.",681.2 M649F,6,,  -  -    ,70420467,Flow measurement engineering handbook / R.W. Miller.,
i11134495,"New York : Feminist Press at the City University of New York, c1988.",376.65 K19,5,,  -  -    ,0935312862;0935312870 (pbk.),Get smart! : a woman's guide to equality on campus / Montana Katz and Veronica Vieland.,X
i11134586,"New York, N.Y. : Industrial Press, c1987-",670 P258,4,,  -  -    ,0831111755 (v. 1),Industrial control handbook / E.A. Parr.,X
i11134598,"New York, N.Y. : Industrial Press, c1987-",670 P258,2,1,  -  -    ,0831111755 (v. 1),Industrial control handbook / E.A. Parr.,X
i1113463x,"New York : McGraw-Hill, c1986.",690.028 F453,3,,  -  -    ,70079323,"Field inspection handbook : an on-the-job guide for construction inspectors, contractors, architects, and engineers / Dan S. Brock, editor ; Lystre L. Sutcliffe, Jr., associate editor.",X
i11134665,"Englewood Cliffs, N.J. : Prentice Hall, c1989.",621.382 S461,4,,  -  -    ,136384048,Optoelectronics for technicians and engineering / Robert G. Seippel.,X
i11134677,"New York : Crown, c1989.",030 S622,2,,  -  -    ,517572605,"What are the chances? : risks, odds, and likelihood in everyday life / Bernard Siskin, Jerome Staller, David Rorvik.",X
i11134811,"New York : Wiley, c1989.",670.285 U46,0,,  -  -    ,471611891,"Microcomputer applications in manufacturing / A. Galip Ulsoy, Warren R. DeVries.",X
i11134823,"New York : Marcel Dekker, c1989.",519.233 N497,3,,  -  -    ,0824782836 (alk. paper),Structured stochastic matrices of M/G/1 type and their applications / Marcel F. Neuts.,X
i11134835,"New York : McGraw-Hill, c1988.",620.004 C319,4,,  -  -    ,70101485,"Product assurance principles : integrating design assurance and quality assurance / Eugene R. Carrubba, Ronald D. Gordon.",X
i11134902,"New York : J. Wiley, c1988.",537.6 V833,23,,  -  -    ,047182884X,Fields and electrodynamics : a computer-compatible introduction / Pieter B. Visscher.,X
i11134963,"New York : Harper & Row, c1989.",658.4092 Z22,3,,  -  -    ,0060161051 : $19.95,The managerial mystique : restoring leadership in business / Abraham Zaleznik.,X
i11135013,"New York, N.Y. : Industrial Press, c1987.",620.0044 K35,1,,  -  -    ,0831111496 : $24.95,"Inspection and gaging : a training manual and reference work that discusses the place of inspection in industry ... / Clifford W. Kennedy, Edward G. Hoffman, Steven D. Bond.",ONLY PRATT
i11135037,"New York : Wiley, c1989.",670.427 P475,,,  -  -    ,471600717,Industrial automation : circuit design and components / David W. Pessen.,X
i11135323,"Berkeley, Calif. : Osborne/McGraw-Hill, c1982.",658.472 P822,1,,  -  -    ,931988721,Trade secrets : how to protect your ideas and assets / by James Pooley ; illustrations by James E. Hummell.,X
i11135335,"New York : Wiley, c1988.",547.84 E38,0,,  -  -    ,471608963,"Electrical and electronic properties of polymers : a state-of- the-art compendium / editor, Jacqueline I. Kroschwitz.",ONLY PRATT
i11135347,"New York : M. Dekker, c1989.",658.4034 H357,0,,  -  -    ,0824780396 (alk. paper),Introduction to the mathematics of operations research / Kevin J. Hastings.,X
i11135736,"New York : McGraw-Hill, 1987.",659.1 R835,6,,  -  -    ,70539073,"Advertising and promotion management / John R. Rossiter, Larry Percy.",
i1113575x,"Stillwater, OK, Lacebark Publications, 1985, c1983.",635.9 W581,2,,  -  -    ,961310901,"Know it and grow it, 'II': a guide to the identification and use of landscape plants / by Carl E. Whitcomb.",ONLY PRATT
i11135797,"Cambridge, Mass. : Ballinger Pub. Co., 1988.",338.6 B644,1,,  -  -    ,887300650,Employee ownership : revolution or ripoff? / Joseph Raphael Blasi.,
i11135839,"Boston, Mass. : Harvard Business School Press, c1989.",658.8 C797G,5,,  -  -    ,875842216,"Going to market : case studies in industrial distribution / E. Raymond Corey, Frank V. Cespedes, V. Kasturi Rangan.",ONLY PRATT
i1113592x,"London ; New York : McGraw-Hill, c1988.",659 H326,9,,  -  -    ,77070798,Practical advertising and publicity : effective promotion of products and services to industry and commerce / Norman A. Hart.,ONLY PRATT
i11135931,"London ; New York : Methuen, 1987.",302.234 F541,21,,  -  -    ,0416924301 (pbk.);0416924409 (hard),Television culture / John Fiske.,X
i11135967,"San Diego : Academic Press, c1989.",621.38152 S556,3,,  -  -    ,0126400458 (alk. paper),Semiconductor silicon crystal technology / Fumio Shimura.,X
i11136327,"Philadelphia : Running Press, c1974.",611 G779AN,45,,  -  -    ,0914294490;0914294083 (pbk.),"Anatomy, descriptive and surgical / by Henry Gray ; edited by T. Pickering Pick and Robert Howden.",X
i11136406,"Cambridge [Cambridgeshire] ; New York : Cambridge University Press, 1984.",658.575 P248,7,,  -  -    ,521257964,New product development in engineering : a comparison of the British and West German machine tool industries / Stephen T. Parkinson.,X
i11136443,"New York : Wiley, c1989.",620.0045 G877,1,,  -  -    ,047163820X,A primer of reliability theory / Doris Lloyd Grosh.,X
i11137034,"Alexandria, Va. : Time-Life Books, c1977.",643.7 T5829,12,,  -  -    ,,Kitchens and bathrooms / by the editors of Time-Life Books.,X
i11137095,"New York : Pantheon Books, 1989.",305.55 E33,6,,  -  -    ,394566925,Fear of falling : the inner life of the middle class / by Barbara Ehrenreich.,
i11137228,"New York : Springer-Verlag, c1988.",624.1776 G697,7,1,  -  -    ,387965858,Analysis of shells and plates / Phillip L. Gould.,
i11137241,"[Alexandria, Va.] : Stonehenge, in association with the American Museum of Natural History, c1982.",621.382 S791,11,,  -  -    ,0867060131;0867060646 (lib. bdg.);0867060336 (retail ed.),Discovering communications / by John Stansell.,ONLY PRATT
i11137290,"New York : S.D. Scott Printing Co., 1983, c1977.",658.1512 S741,6,,  -  -    ,,Speaking out on annual reports : commentaries on the organization and creation of annual reports / as compiled by the S.D. Scott Printing Co.,ONLY PRATT
i11137447,"New York : Neal-Schuman Publishers, c1988.",363.31 W519,3,,  -  -    ,1555700217 (pbk.),Trust your children : voices against censorship in children's literature / by Mark I. West.,ONLY PRATT
i1113768x,"New York : Wiley, c1989.",650.0285 S525,63,,  -  -    ,471601144,Designing intelligent front ends for business software / Dan Shafer.,ONLY PRATT
i1113785x,"New York : McGraw-Hill, c1989.",624.25 J22,4,1,  -  -    ,007032333X,"Bridge analysis by microcomputer / Leslie G. Jaeger, Baidar Bakht.",X
i11138361,"Cincinnati, Ohio : Writer's Digest Books, c1989.",652.5 B218,4,,  -  -    ,898793483,Word processing secrets for writers / Michael A. Banks & Ansen Dibell.,ONLY PRATT
i11138403,"Chicago, Ill. : Thomas More Press, c1988.",231 G794,9,,  -  -    ,883472341,God in popular culture / Andrew Greeley.,X
i11138415,"Chicago : Science Research Associates, c1985.",003 T253,4,,  -  -    ,057421495X (pbk.),"Structured analysis methods for computer information systems / Lavette C. Teague, Jr., Christopher W. Pidgeon.",ONLY PRATT
i1113849x,"New York : Crossroad, 1988.",299.7 V413,9,,  -  -    ,824508785,Imagine ourselves richly : mythic narratives of North American Indians / Christopher Vecsey.,
i11138750,"Berkeley : University of California Press, c1988.",330.952 I79,17,,  -  -    ,0520062884 (alk. paper);0520062892 (pbk. : alk. paper),Japan Inc. : an introduction to Japanese economics : the comic book / Shotaro Ishinomori ; translated by Betsey Scheiner ; with an introduction by Peter Duus.,X
i11139080,"New York : PEN American Center, c1988.",363.31 D369,3,,  -  -    ,934638098,Liberty denied : the current rise of censorship in America / Donna A. Demac ; preface by Arthur Miller ; foreword by Walter Karp.,
i11139456,"Englewood Cliffs, N.J. : Prentice-Hall, c1988.",004.6 M129,3,,  -  -    ,134739760,Internetworking computer systems : interconnecting networks and systems / John McConnell.,X
i1113950x,"New York : Praeger, 1985.",657 T589,8,,  -  -    ,0275917584 0030016576,Paper prophets : a social critique of accounting / by Tony Tinker.,X
i11139705,"[Cambridge, MA.] : The MIT Press, [1982, c1957]",501 S623,4,,  -  -    ,262690047,The Tao of science : an essay on Western knowledge and Eastern wisdom / R. G. H. Siu.,
i11139870,"[Oxford, England] : Oxford University Press ; [New York] : Cambridge University Press, 1989.",220.5206 B582R,0,,  -  -    ,0195294076;9780195294071;0521151368 (Cambridge);9780521151368 (Cambridge);0798208848;9780798208840;0798208899;9780798208895;0798208856;9780798208857;0521507235 (CAMBRIDGE UNIVERSITY PRESS);9780521507233 (CAMBRIDGE UNIVERSITY PRESS);0191012106;9780191012105;0191012084;9780191012082,The Revised English Bible.,X
i1114001x,"Chicago : Science Research Associates, c1983.",658.4038 M165,4,,  -  -    ,574214100,"Management information systems / Raymond McLeod, Jr.",
i11140070,"New York : McGraw-Hill, c1989.",621.38152 Z24,15,,  -  -    ,0070727007;0070727015 (solutions manual),Semiconductor devices / Mauro Zambuto.,X
i11140665,"New York : Wiley, c1990.",384.51 R328,11,,  -  -    ,471622435,Satellite communications : the first quarter century of service / David W.E. Rees.,X
i11141141,"New York : Macmillan ; London : Collier Macmillan Publishers, c1986.",621.382 H111,2,,  -  -    ,29488605,Digital satellite communications / Tri T. Ha.,
i11141190,"Englewood Cliffs, N.J. : Prentice-Hall, c1988.",621.382 S628,12,,  -  -    ,132119390,Digital communications : fundamentals and applications / Bernard Sklar.,X
i11141219,"New Brunswick, N.J., U.S.A. : Transaction Publishers, c1990.",338.04 G798,7,,  -  -    ,887382908,Black entrepreneurship in America / Shelley Green and Paul Pryde.,
i11141645,"Oxford [Oxfordshire] : Clarendon Press ; New York : Oxford University Press, 1986.",519.2 G864,4,,  -  -    ,0198532644 (pbk.);0198532725,"Probability : an introduction / Geoffrey Grimmett, Dominic Welsh.",X
i11141839,"New York : Oxford University Press, 1988.",297 E77,11,,  -  -    ,0195043987 (alk. paper);0195043995 (pbk. : alk. paper),Islam : the straight path / John L. Esposito.,X
i11141980,"New York : Community Service Society of New York, 1989.",307.336 W436,0,,  -  -    ,,"Worlds apart : housing, race/ethnicity, and income in New York City, 1978-1987 / by Phillip Weitzman in association with the Dept. of Research, Policy and Program Development.",X
i11142054,"Cambridge, Mass. : MIT Press, c1988.",621.367 H464,9,,  -  -    ,262081660,Image synthesis : elementary algorithms / Gerard Hegron ; translated by David Beeson.,X
i11142893,"San Francisco : Fine Arts Museums of San Francisco Portland : Portland Art Museum, Oregon Art Institute ; New York : Rizzoli, 1989.",391.0944 D419,1,2,  -  -    ,0847811395 (Rizzoli),"New look to now : French haute couture, 1947-1987 / Stephen de Pietri and Melissa Leventon with contributions by Katell le Bourhis, Marie Andree Jouve, Caroline Rennolds Milbank.",
i1114290x,"San Francisco : Fine Arts Museums of San Francisco Portland : Portland Art Museum, Oregon Art Institute ; New York : Rizzoli, 1989.",391.0944 D419,24,2,  -  -    ,0847811395 (Rizzoli),"New look to now : French haute couture, 1947-1987 / Stephen de Pietri and Melissa Leventon with contributions by Katell le Bourhis, Marie Andree Jouve, Caroline Rennolds Milbank.",
i11143071,"New York : Wiley, 1988.",006.6 A583,6,,  -  -    ,470211644,High-resolution computer graphics using Pascal / Ian O. Angell and Gareth Griffith.,X
i11143101,"Blue Ridge Summit, PA : Windcrest Books, 1988.",652.5 W924MO,21,,  -  -    ,083069384X (pbk.),Mastering WordPerfect 5.0 / by Donna M. Mosich.,ONLY PRATT
i11143137,"Harmondsworth, Middlesex, England ; New York : Penguin Books, 1982.",070.573 B716,4,1,  -  -    ,0140060715 (pbk.),Under cover : an illustrated history of American mass-market paperbacks / by Thomas L. Bonn ; foreword by John Tebbel.,X
i11143149,"Harmondsworth, Middlesex, England ; New York : Penguin Books, 1982.",070.573 B716,2,,  -  -    ,0140060715 (pbk.),Under cover : an illustrated history of American mass-market paperbacks / by Thomas L. Bonn ; foreword by John Tebbel.,X
i11143241,"Farmington Hills, Mich. : Home Planners, Inc., 1989.",690.869 H765,14,2,  -  -    ,918894670,"Home plans for solar living / [produced and designed by the Compage Company ; editorial director, Philip Alan Cecchettini ; managing editor, Jessie Wood ; writer, Bob Beckstrom].",X
i11143472,"Harmondsworth, Penguin, 1971.",170 P718,22,1,  -  -    ,0140440941 L.0.35; ($1.85 U.S.),Gorgias; translated (from the ancient Greek) with an introduction by Walter Hamilton.,X
i11143903,"New York : Simon & Schuster, 1989, c1988.",353.0084 P485,39,,  -  -    ,067168373X,On borrowed time : how the growth in entitlement spending threatens America's future / Peter G. Peterson and Neil Howe.,X
i11143988,"Drexel Hill, PA : Published by the author, 1986.",016.7415 L574,2,1,  -  -    ,,Comic art : an international bibliography / by John A. Lent.,ONLY PRATT
i11144191,"Littleton, CO : F.B. Rothman, 1988.",342.747 C324,0,,  -  -    ,837704596,New York State Constitution : sources of legislative intent / Robert Allan Carter.,
i11144385,"New York : Doubleday, 1989.",500 A832A,1,,  -  -    ,385263457,Asimov on science : a 30-year retrospective / Isaac Asimov.,X
i11144415,"San Francisco : Fine Print : Bedford Arts, 1989.",686.22 F495,11,,  -  -    ,0960729011;096072902X (soft);0938491164 (Bedford Arts);0938491172 (Bedford Arts : soft),"Fine print on type : the best of Fine print magazine on type and typography / edited by Charles Bigelow, Paul Hayden Duensing, Linnea Gentry.",X
i11144439,"San Francisco : Fine Print : Bedford Arts, 1989.",686.22 F495,3,,  -  -    ,0960729011;096072902X (soft);0938491164 (Bedford Arts);0938491172 (Bedford Arts : soft),"Fine print on type : the best of Fine print magazine on type and typography / edited by Charles Bigelow, Paul Hayden Duensing, Linnea Gentry.",X
i11144713,"New York, NY : AMACOM, American Management Association, c1989.",658.3 B534,8,,  -  -    ,814459048,The manager's desk reference / Cynthia Berryman-Fink.,
i1114483x,"New York : McGraw-Hill, c1990",339 M129,61,,  -  -    ,007045521X,"Macroeconomics : principles, problems, and policies / Campbell R. McConnell, Stanley Brue.",ONLY PRATT
i11144841,"New York : McGraw-Hill, c1988.",658.15 S298,25,,  -  -    ,007055112X,"Introduction to financial management / Lawrence D. Schall, Charles W. Haley.",ONLY PRATT
i11144919,"New York : Harper & Row, c1989.",658.81 D249,5,,  -  -    ,60161809,Total customer service : the ultimate weapon / William H. Davidow and Bro Uttal.,
i1114502x,"New York : Pantheon Books, 1989.",659.104 S897,16,,  -  -    ,039455292X,Satisfaction guaranteed : the making of the mass market / Susan Strasser.,X
i1114516x,"New York, Sierra Club-Ballantine Book [1971, c1970]",508.759 C372,6,,  -  -    ,345023536,"Everglades. Selections from the writings of Peter Matthiessen. Essay by John G. Mitchell. Edited, with an introd., by Paul Brooks.",
i11145262,"Cambridge, Mass. : MIT Press, c1989.",629.892 R6669,2,,  -  -    ,262111357,"The Robotics review 1 / edited by Oussama Khatib, John J. Craig, and Tomas Lozano-Perez.",X
i11145286,"New York : Summit Books, c1989.",635.93 C556,6,,  -  -    ,671662201,In search of lost roses / Thomas Christopher.,
i11145523,"New York : Pharos Books, c1989.",395 M379M,6,,  -  -    ,088687551X,Miss Manners' guide to the turn-of-the-millennium / by Judith Martin ; illustrated by Gloria Kamen.,X
i1114595x,"Englewood Cliffs, N.J. : Prentice Hall, 1990.",658.5 L742,54,,  -  -    ,134873157,"Manufacturing technology / John Robert Lindbeck, Molly W. Williams, Robert M. Wygant ; contributing authors, Paul V. Engelmann, Nancy H. Steinhaus.",
i11145961,"Englewood Cliffs, N.J. : Prentice Hall, 1990.",658.5 L742,13,,  -  -    ,134873157,"Manufacturing technology / John Robert Lindbeck, Molly W. Williams, Robert M. Wygant ; contributing authors, Paul V. Engelmann, Nancy H. Steinhaus.",
i11146060,"Albany : State University of New York Press, c1984.",179.4 R877,7,1,  -  -    ,0873957768;0873957776 (pbk.),"Of mice, models, and men : a critical evaluation of animal research / Andrew N. Rowan.",X
i11146266,"Washington, DC : Congress of the United States, Office of Technology Assessment : For sale by Supt. of Docs., U.S. G.P.O., [1989]",629.47 R859,1,,  -  -    ,,Round trip to orbit : human spaceflight alternatives : special report.,X
i11146369,"New York : M. Dekker, c1989.",620.0045 M174,2,,  -  -    ,0824780752 (alk. paper),Purchasing and quality / R. Max McRobb.,ONLY PRATT
i11146527,"New York : Marcel Dekker, c1989.",660.6 H111,4,,  -  -    ,0824778812 (alk. paper),Experimental design in biotechnology / Perry D. Haaland.,X
i11146783,"New York : Wiley, c1985.",651.8 H662,14,,  -  -    ,471805629,Office automation : tools and methods of system building / V. Douglas Hines.,ONLY PRATT
i11147210,"Blue Ridge Summit, PA : Tab Books, c1986.",621.38 S635,4,,  -  -    ,0830629246 (pbk.),Introduction to telecommunications systems / P.H. Smale.,ONLY PRATT
i11147234,"New York : Wiley, c1990.",621.38152 I61,3,,  -  -    ,471631191,Introduction to semiconductor technology : GaAs and related compounds / edited by Cheng T. Wang.,X
i11147490,"Englewood Cliffs, N.J. : Prentice Hall, c1989.",621.38152 W855,3,,  -  -    ,136699618,"Physical properties of semiconductors / Charles M. Wolfe, Nick Holonyak, Jr., Gregory E. Stillman.",X
i1114757x,"Belmont, Calif., Wadsworth Pub. Co. [c1964]",307.76 E42,6,,  -  -    ,,"Metropolis: values in conflict [by] C. E. Elias, Jr., James Gillies [and] Svend Riemer.",
i11147738,"New York, NY : Industrial Press, c1989.",692.5 S616,2,,  -  -    ,831111801,Estimating for abnormal conditions / D. Neil Sinclair.,ONLY PRATT
i11148391,"Glasgow : Blackie ; New York : Halsted Press, 1990.",526.9 E57,4,,  -  -    ,0470212128 (U.S.),Engineering surveying technology / edited by T.J.M. Kennie and G. Petrie.,X
i11148457,"Berkeley : Osborne McGraw-Hill, c1989.",652.5 W924M,20,,  -  -    ,0078813581 (pbk),WordPerfect made easy v.5 Series 5 edition / Mella Mincberg.,ONLY PRATT
i11148470,"Berkeley, Calif. : Osborne/McGraw-Hill, c1988.",652.5 W924A,16,,  -  -    ,0078813697 (pbk.),WordPerfect : the complete reference. Series 5 edition / Karen L. Acerson.,ONLY PRATT
i11148780,"Greensboro, N.C. : COMPUTE! Books, c1988.",652.5 W924R,10,,  -  -    ,874551501,Macintosh wordPerfect guide / Donald Richard Read.,ONLY PRATT
i11149553,"New York : Macmillan ; London : Collier Macmillan, c1989.",413 T917,41,,  -  -    ,26204207,Foreignisms : a dictionary of foreign expressions commonly (and not so commonly) used in English / Tad Tuleja.,X
i11149619,"New York : Basic Books, c1989.",338.54 K51M,1,,  -  -    ,465044034,"Manias, panics, and crashes : a history of financial crises / Charles P. Kindleberger.",
i11149954,"New York, N.Y. : City Publishing Center, 1988.",693.82026 N5321,24,,  -  -    ,,Fire code.,
i11150129,"Norwood, MA : Artech House, c1988.",621.38133 M249,0,,  -  -    ,890063001,Microwave transmission line couplers / J.A.G. Malherbe.,ONLY PRATT
i1115066x,"Cambridge, Mass. : Harvard University Press, 1989.",362.1 P946,5,,  -  -    ,0674805909 (alk. paper),Shattered mirrors : our search for identity and community in the AIDS era / Monroe E. Price.,X
i11150889,"Englewood Cliffs, N.J. : Prentice Hall, c1989.",621.38152 K16,1,,  -  -    ,133462145,Gallium arsenide digital integrated circuits : a systems perspective / Nick Kanopoulos.,X
i11150890,"Englewood Cliffs, N.J. : Prentice Hall, c1989.",621.39 H478,11,,  -  -    ,131988700,Data communications : a beginner's guide to concepts and technology / Scott A. Helmers.,X
i11151055,"Princeton, N.J. : Princeton University Press, c1989.",501 R846,7,,  -  -    ,069108484X (lib. bdg. : alk. paper),Science a la mode : physical fashions and fictions / Tony Rothman.,X
i11151912,"New York : Wiley, c1989.",509 R646,5,,  -  -    ,0471506583;0471602035 (pbk.),Serendipity : accidental discoveries in science / Royston M. Roberts.,X
i1115259x,"Berlin ; New York : Springer-Verlag, 1989.",629.892 D675,1,,  -  -    ,0387969098 : DM45.00,Error detection and recovery in robotics / Bruce R. Donald.,X
i11153192,"Boston : Houghton Mifflin Co., 1989.",372.973 K46,8,1,  -  -    ,395475910,Among schoolchildren / Tracy Kidder.,
i1115326x,"New York : Quorum Books, 1986.",651.5 S655,23,,  -  -    ,0899301118 (lib. bdg. : alk. paper),Information and records management : a decision-maker's guide to systems planning and implementation / Milburn D. Smith III.,X
i11153271,"New York, N.Y., U.S.A. : Viking, 1989.",303.483 H264,7,,  -  -    ,0670825050 : $22.95,"Disappearing through the skylight : culture and technology in the twentieth century / O.B. Hardison, Jr.",X
i11153374,"Washington, D.C. : The Society, 1990.",508.3 W927,8,,  -  -    ,0870447165;0870447211 (lib. bdg.),"The World's wild shores / Special Publications Division, National Geographic Society.",X
i11153581,"New York : Wiley, c1990.",658.155 G761,21,1,  -  -    ,047163526X,"Principles of engineering economy / Eugene L. Grant, W. Grant Ireson, Richard S. Leavenworth.",X
i11154445,"New York : Viking, c1989.",378.73 S656,1,,  -  -    ,670828173,Killing the spirit : higher education in America / Page Smith.,X
i11154834,"London, U.K. : Peregrinus, c1988.",658.002 T974,2,,  -  -    ,0863411266 (pbk.),Business for engineers / Brian C. Twiss.,X
i11155346,"Boston : Little, Brown, c1990.",200.1 W927,0,,  -  -    ,316697702,"The World treasury of modern religious thought / edited by Jaroslav Pelikan ; with a foreword by Clifton Fadiman, general editor.",X
i1115536x,"Blue Ridge Summit, PA : TAB Professional and Reference Books, c1989.",621.39 H811,6,,  -  -    ,830631887,Communications networks / Michael F. Hordeski.,
i11156004,"Washington, D.C. : Island Press, c1989.",363.7394 P754,15,,  -  -    ,0933280564 (alk. paper);0933280556 (pbk.),"The Poisoned well : new strategies for groundwater protection / Sierra Club Legal Defense Fund ; Eric P. Jorgensen, editor.",X
i11156065,"New York : Morrow, c1990.",306.0973 N458M,9,,  -  -    ,0688072240 (alk. paper),Megatrends 2000 : ten new directions for the 1990's / John Naisbitt and Patricia Aburdene.,X
i11156260,"[Washington, D.C.?] : U.S. G.P.O. : For sale by the Supt. of Docs., U.S. G.P.O., 1981.",686.224 P575,7,3,  -  -    ,,Photocomposition type faces / United States Government Printing Office.,
i11156302,"Englewood Cliffs, N.J. : Prentice Hall, c1990.",658.113 N834,12,,  -  -    ,139731164,The Young & Rubicam traveling creative workshop / Hanley Norins.,X
i11156405,"New York : Homes & Meier, c1989.",391.0941 D921,1,3,  -  -    ,0841912696 (alk. paper),Dress in Ireland / Mairead Dunlevy.,ONLY PRATT
i11156521,"Blue Ridge Summit, PA : TAB Professional and Reference Books, c1990.",006.3 T966,9,,  -  -    ,830692975,Knowledge engineering : concepts and practices for knowledge- based systems / G. Steven Tuthill.,ONLY PRATT
i11156545,"Chichester [England] ; New York : Wiley, c1989.",574.522 E19,0,1,  -  -    ,471918318,Ecotoxicology and climate : with special reference to hot and cold climates / edited by Philippe Bourdeau ... [et al.].,X
i11156612,"Aldershot, Hants, England ; Brookfield, Vt., USA : Gower, c1989.",658.32 M266,2,,  -  -    ,566027321,"Managing salary and wage systems / edited by Angela M. Bowey ; advisory editor, Tom Lupton.",ONLY PRATT
i11156703,"New York : Wiley, c1988.",624.1821 S651,6,2,  -  -    ,471621412,Structural steel design : LRFD fundamentals / J.C. Smith.,X
i11156740,"Englewood Cliffs, N.J. : Prentice Hall, c1990",620.0068 G449,5,,  -  -    ,135961564,Modern management of the high-technology enterprise / John E. Gibson.,ONLY PRATT
i1115679x,"Madison, Wis. : University of Wisconsin Press, c1989.",306.84 S754,9,,  -  -    ,299121100,Mixed blood : intermarriage and ethnic identity in twentieth- century America / Paul R. Spickard.,X
i11157367,"New York : Haven Pub. Corp., 1977.",616.8914 S416,0,,  -  -    ,093058600X,"Science and psychotherapy / edited by Raphael Stern, Louise S. Horowitz, and Jack Lynes.",X
i11157689,"New York : Abrams, 1989.",006.6 F899,39,,  -  -    ,810917092,"Visualization : the second computer revolution / Richard Friedhoff, William Benzon.",
i11157756,"Englewood Cliffs, N.J. : Prentice Hall, 1990.",621.402 H688A,4,1,  -  -    ,130327808,Analysis and design of energy systems / B.K. Hodge.,
i1115794x,"Revest-Saint-Martin, Haute Provence, R.Morel [1962.]",686.22 G453,0,,  -  -    ,,Celebration de la lettre .,
i11158153,"Chichester ; New York : Wiley, c1989.",621.382 B436,5,,  -  -    ,471921017,Digital processing of signals : theory and practice / Maurice Bellanger ; foreword by Pierre Aigrain.,
i11159212,"Norwalk, CT : Sea Sports Publications, c1989.",387.155 B118,9,,  -  -    ,961639938,"Northeast lights : lighthouses and lightships, Rhode Island to Cape May, New Jersey / Robert G. Bachand.",ONLY PRATT
i11159467,"Englewood Cliffs, N.J. : Prentice Hall, c1990.",620.166 B219,5,,  -  -    ,013340191X,"Fundamentals of metal fatigue analysis / Julie A. Bannantine, Jess J. Comer, James L. Handrock.",X
i11159716,"Boca Raton, Fla. : CRC Press, c1989.",628 P895,0,,  -  -    ,849337070,Practical handbook of environmental control / edited by Conrad P. Straub.,X
